"sp","x","y"
"Acrostichum_aureum",-34.949997,-8.00837
"Acrostichum_aureum",-36.551135,-8.370991
"Acrostichum_aureum",-35.755556,-9.184722
"Acrostichum_aureum",-36.402219,-9.620528
"Acrostichum_aureum",-35.558223,-6.779224
"Acrostichum_aureum",-35.6229,-7.0396
"Acrostichum_aureum",-34.933477,-7.156868
"Acrostichum_aureum",-34.861185,-7.146738
"Acrostichum_danaeifolium",-34.949997,-8.00837
"Acrostichum_danaeifolium",-35.0697,-8.2272
"Acrostichum_danaeifolium",-35.5,-7.583333
"Acrostichum_danaeifolium",-35.377421,-7.606449
"Acrostichum_danaeifolium",-35.2691667,-6.3847222
"Acrostichum_danaeifolium",-36.421278,-9.244248
"Acrostichum_danaeifolium",-35.755556,-9.184722
"Acrostichum_danaeifolium",-36.195446,-9.591378
"Acrostichum_danaeifolium",-38.750116,-3.683493
"Acrostichum_danaeifolium",-35.72,-7.032778
"Acrostichum_danaeifolium",-35.558223,-6.779224
"Acrostichum_danaeifolium",-35.6229,-7.0396
"Acrostichum_danaeifolium",-34.933477,-7.156868
"Acrostichum_danaeifolium",-34.861185,-7.146738
"Actinostachys_pennula",-34.950522,-7.810665
"Actinostachys_pennula",-35.044369,-7.560831
"Actinostachys_pennula",-35.377421,-7.606449
"Actinostachys_pennula",-35.184266,-6.085556
"Actinostachys_pennula",-36.421278,-9.244248
"Actinostachys_pennula",-35.755556,-9.184722
"Actinostachys_pennula",-35.691389,-6.963333
"Actinostachys_pennula",-35.6229,-7.0396
"Actinostachys_pennula",-34.933477,-7.156868
"Actinostachys_pennula",-34.861185,-7.146738
"Actinostachys_pennula",-35.153053,-7.041188
"Adiantopsis_radiata",-36.408567,-8.198383
"Adiantopsis_radiata",-35.715556,-8.503889
"Adiantopsis_radiata",-36.026632,-8.355565
"Adiantopsis_radiata",-35.320101,-7.633011
"Adiantopsis_radiata",-35.410025,-8.697033
"Adiantopsis_radiata",-35.838611,-8.723055
"Adiantopsis_radiata",-35.856236,-8.694218
"Adiantopsis_radiata",-36.385599,-8.158646
"Adiantopsis_radiata",-35.5,-7.583333
"Adiantopsis_radiata",-36.016667,-7.900278
"Adiantopsis_radiata",-35.377421,-7.606449
"Adiantopsis_radiata",-35.2691667,-6.3847222
"Adiantopsis_radiata",-36.421278,-9.244248
"Adiantopsis_radiata",-36.065155,-8.973738
"Adiantopsis_radiata",-36.535186,-10.314661
"Adiantopsis_radiata",-36.055278,-9.274444
"Adiantopsis_radiata",-39.594807,-7.134249
"Adiantopsis_radiata",-38.910877,-4.305363
"Adiantopsis_radiata",-40.898008,-3.839339
"Adiantopsis_radiata",-35.72,-7.032778
"Adiantopsis_radiata",-35.558223,-6.779224
"Adiantopsis_radiata",-34.933477,-7.156868
"Adiantopsis_radiata",-35.142056,-6.741861
"Adiantum_abscissum",-35.838611,-8.723055
"Adiantum_abscissum",-35.856236,-8.694218
"Adiantum_abscissum",-35.2691667,-6.3847222
"Adiantum_abscissum",-36.421278,-9.244248
"Adiantum_abscissum",-36.065155,-8.973738
"Adiantum_abscissum",-36.535186,-10.314661
"Adiantum_abscissum",-36.402219,-9.620528
"Adiantum_abscissum",-36.195446,-9.591378
"Adiantum_abscissum",-39.594807,-7.134249
"Adiantum_abscissum",-38.910877,-4.305363
"Adiantum_abscissum",-38.633164,-3.983761
"Adiantum_abscissum",-35.691389,-6.963333
"Adiantum_abscissum",-35.558223,-6.779224
"Adiantum_abscissum",-34.933477,-7.156868
"Adiantum_abscissum",-34.861185,-7.146738
"Adiantum_abscissum",-35.142056,-6.741861
"Adiantum_abscissum",-35.153053,-7.041188
"Adiantum_argutum",-35.715556,-8.503889
"Adiantum_argutum",-35.0697,-8.2272
"Adiantum_argutum",-35.377421,-7.606449
"Adiantum_argutum",-36.421278,-9.244248
"Adiantum_argutum",-39.594807,-7.134249
"Adiantum_argutum",-38.910877,-4.305363
"Adiantum_argutum",-38.716666,-3.900058
"Adiantum_cajennense",-35.754177,-8.14922
"Adiantum_cajennense",-35.838611,-8.723055
"Adiantum_cajennense",-36.065155,-8.973738
"Adiantum_cinnamomeum",-38.047351,-8.651907
"Adiantum_deflectens",-35.196331,-8.040447
"Adiantum_deflectens",-35.320101,-7.633011
"Adiantum_deflectens",-36.750054,-8.300752
"Adiantum_deflectens",-35.377421,-7.606449
"Adiantum_deflectens",-35.370278,-5.881667
"Adiantum_deflectens",-36.421278,-9.244248
"Adiantum_deflectens",-39.594807,-7.134249
"Adiantum_deflectens",-38.910877,-4.305363
"Adiantum_deflectens",-40.469167,-3.536667
"Adiantum_deflectens",-38.750116,-3.683493
"Adiantum_deflectens",-35.691389,-6.963333
"Adiantum_deflectens",-35.558223,-6.779224
"Adiantum_deflectens",-35.6229,-7.0396
"Adiantum_deflectens",-34.861185,-7.146738
"Adiantum_delicatulum",-39.594807,-7.134249
"Adiantum_delicatulum",-38.910877,-4.305363
"Adiantum_delicatulum",-38.716666,-3.900058
"Adiantum_diogoanum",-36.026632,-8.355565
"Adiantum_diogoanum",-35.044369,-7.560831
"Adiantum_diogoanum",-35.838611,-8.723055
"Adiantum_diogoanum",-35.5,-7.583333
"Adiantum_diogoanum",-35.377421,-7.606449
"Adiantum_diogoanum",-36.421278,-9.244248
"Adiantum_diogoanum",-36.065155,-8.973738
"Adiantum_diogoanum",-36.535186,-10.314661
"Adiantum_diogoanum",-39.594807,-7.134249
"Adiantum_diogoanum",-38.910877,-4.305363
"Adiantum_diogoanum",-38.716666,-3.900058
"Adiantum_dolosum",-35.452397,-8.357915
"Adiantum_dolosum",-36.026632,-8.355565
"Adiantum_dolosum",-34.949997,-8.00837
"Adiantum_dolosum",-34.978479,-8.043289
"Adiantum_dolosum",-35.196331,-8.040447
"Adiantum_dolosum",-35.410025,-8.697033
"Adiantum_dolosum",-35.0697,-8.2272
"Adiantum_dolosum",-34.980653,-8.091551
"Adiantum_dolosum",-35.838611,-8.723055
"Adiantum_dolosum",-35.856236,-8.694218
"Adiantum_dolosum",-35.5,-7.583333
"Adiantum_dolosum",-35.377421,-7.606449
"Adiantum_dolosum",-36.421278,-9.244248
"Adiantum_dolosum",-36.065155,-8.973738
"Adiantum_dolosum",-36.535186,-10.314661
"Adiantum_dolosum",-35.954701,-9.18449
"Adiantum_dolosum",-36.402219,-9.620528
"Adiantum_dolosum",-35.570992,-9.096483
"Adiantum_dolosum",-38.910877,-4.305363
"Adiantum_dolosum",-38.716666,-3.900058
"Adiantum_dolosum",-35.72,-7.032778
"Adiantum_dolosum",-35.6229,-7.0396
"Adiantum_dolosum",-34.861185,-7.146738
"Adiantum_dolosum",-35.142056,-6.741861
"Adiantum_dolosum",-35.153053,-7.041188
"Adiantum_giganteum",-39.594807,-7.134249
"Adiantum_glaucescens",-35.452397,-8.357915
"Adiantum_glaucescens",-36.026632,-8.355565
"Adiantum_glaucescens",-35.0697,-8.2272
"Adiantum_glaucescens",-35.838611,-8.723055
"Adiantum_glaucescens",-35.856236,-8.694218
"Adiantum_glaucescens",-35.377421,-7.606449
"Adiantum_glaucescens",-36.421278,-9.244248
"Adiantum_glaucescens",-36.065155,-8.973738
"Adiantum_glaucescens",-36.535186,-10.314661
"Adiantum_glaucescens",-38.910877,-4.305363
"Adiantum_humile",-36.026632,-8.355565
"Adiantum_humile",-34.949997,-8.00837
"Adiantum_humile",-35.196331,-8.040447
"Adiantum_humile",-35.320101,-7.633011
"Adiantum_humile",-35.410025,-8.697033
"Adiantum_humile",-35.0697,-8.2272
"Adiantum_humile",-35.838611,-8.723055
"Adiantum_humile",-35.5,-7.583333
"Adiantum_humile",-35.377421,-7.606449
"Adiantum_humile",-36.421278,-9.244248
"Adiantum_humile",-36.065155,-8.973738
"Adiantum_humile",-36.402219,-9.620528
"Adiantum_humile",-38.633164,-3.983761
"Adiantum_humile",-35.72,-7.032778
"Adiantum_humile",-35.153053,-7.041188
"Adiantum_latifolium",-35.452397,-8.357915
"Adiantum_latifolium",-35.715556,-8.503889
"Adiantum_latifolium",-36.026632,-8.355565
"Adiantum_latifolium",-34.949997,-8.00837
"Adiantum_latifolium",-35.196331,-8.040447
"Adiantum_latifolium",-35.320101,-7.633011
"Adiantum_latifolium",-35.410025,-8.697033
"Adiantum_latifolium",-35.0697,-8.2272
"Adiantum_latifolium",-34.980653,-8.091551
"Adiantum_latifolium",-35.838611,-8.723055
"Adiantum_latifolium",-35.856236,-8.694218
"Adiantum_latifolium",-35.5,-7.583333
"Adiantum_latifolium",-35.377421,-7.606449
"Adiantum_latifolium",-36.421278,-9.244248
"Adiantum_latifolium",-36.065155,-8.973738
"Adiantum_latifolium",-36.535186,-10.314661
"Adiantum_latifolium",-38.910877,-4.305363
"Adiantum_latifolium",-38.716666,-3.900058
"Adiantum_latifolium",-38.633164,-3.983761
"Adiantum_latifolium",-35.558223,-6.779224
"Adiantum_lorentzii",-38.910877,-4.305363
"Adiantum_lucidum",-35.0697,-8.2272
"Adiantum_lucidum",-35.838611,-8.723055
"Adiantum_lucidum",-35.856236,-8.694218
"Adiantum_lucidum",-36.065155,-8.973738
"Adiantum_lucidum",-35.142056,-6.741861
"Adiantum_lucidum",-35.153053,-7.041188
"Adiantum_macrophyllum",-36.421278,-9.244248
"Adiantum_macrophyllum",-36.535186,-10.314661
"Adiantum_macrophyllum",-38.910877,-4.305363
"Adiantum_macrophyllum",-38.716666,-3.900058
"Adiantum_obliquum",-34.949997,-8.00837
"Adiantum_obliquum",-35.196331,-8.040447
"Adiantum_obliquum",-35.320101,-7.633011
"Adiantum_obliquum",-35.0697,-8.2272
"Adiantum_obliquum",-34.980653,-8.091551
"Adiantum_obliquum",-35.838611,-8.723055
"Adiantum_obliquum",-35.856236,-8.694218
"Adiantum_obliquum",-35.5,-7.583333
"Adiantum_obliquum",-35.377421,-7.606449
"Adiantum_obliquum",-36.421278,-9.244248
"Adiantum_obliquum",-36.065155,-8.973738
"Adiantum_obliquum",-36.535186,-10.314661
"Adiantum_obliquum",-36.402219,-9.620528
"Adiantum_obliquum",-35.716667,-8.921667
"Adiantum_obliquum",-38.910877,-4.305363
"Adiantum_obliquum",-35.153053,-7.041188
"Adiantum_patens",-40.898008,-3.839339
"Adiantum_pectinatum",-34.949997,-8.00837
"Adiantum_pectinatum",-35.196331,-8.040447
"Adiantum_pectinatum",-35.320101,-7.633011
"Adiantum_pectinatum",-36.421278,-9.244248
"Adiantum_pectinatum",-36.195446,-9.591378
"Adiantum_pentadactylon ",-35.196331,-8.040447
"Adiantum_petiolatum",-36.026632,-8.355565
"Adiantum_petiolatum",-35.196331,-8.040447
"Adiantum_petiolatum",-35.320101,-7.633011
"Adiantum_petiolatum",-35.0697,-8.2272
"Adiantum_petiolatum",-34.980653,-8.091551
"Adiantum_petiolatum",-35.838611,-8.723055
"Adiantum_petiolatum",-35.5,-7.583333
"Adiantum_petiolatum",-35.377421,-7.606449
"Adiantum_petiolatum",-36.065155,-8.973738
"Adiantum_petiolatum",-38.910877,-4.305363
"Adiantum_petiolatum",-40.898008,-3.839339
"Adiantum_petiolatum",-38.716666,-3.900058
"Adiantum_petiolatum",-38.633164,-3.983761
"Adiantum_petiolatum",-35.153053,-7.041188
"Adiantum_pulverulentum",-36.026632,-8.355565
"Adiantum_pulverulentum",-34.949997,-8.00837
"Adiantum_pulverulentum",-35.196331,-8.040447
"Adiantum_pulverulentum",-35.320101,-7.633011
"Adiantum_pulverulentum",-35.410025,-8.697033
"Adiantum_pulverulentum",-35.0697,-8.2272
"Adiantum_pulverulentum",-35.838611,-8.723055
"Adiantum_pulverulentum",-35.856236,-8.694218
"Adiantum_pulverulentum",-35.5,-7.583333
"Adiantum_pulverulentum",-35.377421,-7.606449
"Adiantum_pulverulentum",-36.421278,-9.244248
"Adiantum_pulverulentum",-36.065155,-8.973738
"Adiantum_pulverulentum",-36.535186,-10.314661
"Adiantum_pulverulentum",-35.954701,-9.18449
"Adiantum_pulverulentum",-35.716667,-8.921667
"Adiantum_pulverulentum",-39.594807,-7.134249
"Adiantum_pulverulentum",-38.910877,-4.305363
"Adiantum_pulverulentum",-40.898008,-3.839339
"Adiantum_pulverulentum",-38.716666,-3.900058
"Adiantum_pulverulentum",-38.633164,-3.983761
"Adiantum_pulverulentum",-35.691389,-6.963333
"Adiantum_pulverulentum",-35.558223,-6.779224
"Adiantum_pulverulentum",-35.153053,-7.041188
"Adiantum_raddianum",-34.978479,-8.043289
"Adiantum_raddianum",-35.370278,-5.881667
"Adiantum_raddianum",-38.910877,-4.305363
"Adiantum_raddianum",-40.898008,-3.839339
"Adiantum_serratodentatum",-36.026632,-8.355565
"Adiantum_serratodentatum",-35.196331,-8.040447
"Adiantum_serratodentatum",-35.320101,-7.633011
"Adiantum_serratodentatum",-35.0697,-8.2272
"Adiantum_serratodentatum",-35.377421,-7.606449
"Adiantum_serratodentatum",-36.065155,-8.973738
"Adiantum_serratodentatum",-36.535186,-10.314661
"Adiantum_serratodentatum",-38.910877,-4.305363
"Adiantum_tenerum",-36.026632,-8.355565
"Adiantum_tenerum",-35.196331,-8.040447
"Adiantum_tenerum",-39.594807,-7.134249
"Adiantum_tenerum",-38.910877,-4.305363
"Adiantum_tenerum",-35.691389,-6.963333
"Adiantum_terminatum",-35.452397,-8.357915
"Adiantum_terminatum",-35.715556,-8.503889
"Adiantum_terminatum",-35.320101,-7.633011
"Adiantum_terminatum",-35.0697,-8.2272
"Adiantum_terminatum",-34.980653,-8.091551
"Adiantum_terminatum",-35.838611,-8.723055
"Adiantum_terminatum",-35.856236,-8.694218
"Adiantum_terminatum",-35.5,-7.583333
"Adiantum_terminatum",-35.377421,-7.606449
"Adiantum_terminatum",-36.421278,-9.244248
"Adiantum_terminatum",-36.065155,-8.973738
"Adiantum_terminatum",-36.535186,-10.314661
"Adiantum_terminatum",-35.954701,-9.18449
"Adiantum_terminatum",-39.594807,-7.134249
"Adiantum_terminatum",-38.910877,-4.305363
"Adiantum_terminatum",-35.691389,-6.963333
"Adiantum_tetraphyllum",-35.452397,-8.357915
"Adiantum_tetraphyllum",-35.715556,-8.503889
"Adiantum_tetraphyllum",-36.026632,-8.355565
"Adiantum_tetraphyllum",-35.0697,-8.2272
"Adiantum_tetraphyllum",-35.838611,-8.723055
"Adiantum_tetraphyllum",-35.856236,-8.694218
"Adiantum_tetraphyllum",-35.5,-7.583333
"Adiantum_tetraphyllum",-35.377421,-7.606449
"Adiantum_tetraphyllum",-36.421278,-9.244248
"Adiantum_tetraphyllum",-36.065155,-8.973738
"Adiantum_tetraphyllum",-36.535186,-10.314661
"Adiantum_tetraphyllum",-36.402219,-9.620528
"Adiantum_tetraphyllum",-38.910877,-4.305363
"Adiantum_tetraphyllum",-38.716666,-3.900058
"Adiantum_villosum",-35.196331,-8.040447
"Adiantum_villosum",-38.910877,-4.305363
"Adiantum_villosum",-35.691389,-6.963333
"Adiantum_windischii",-35.0697,-8.2272
"Adiantum_windischii",-34.980653,-8.091551
"Alsophila_setosa",-35.838611,-8.723055
"Alsophila_setosa",-35.856236,-8.694218
"Alsophila_sternbergii",-35.838611,-8.723055
"Alsophila_sternbergii",-35.5,-7.583333
"Alsophila_sternbergii",-36.421278,-9.244248
"Alsophila_sternbergii",-38.716666,-3.900058
"Amauropelta_oligocarpa",-35.044369,-7.560831
"Amauropelta_oligocarpa",-38.716666,-3.900058
"Ananthacorus_angustifolius",-35.754177,-8.14922
"Ananthacorus_angustifolius",-35.715556,-8.503889
"Ananthacorus_angustifolius",-35.838611,-8.723055
"Ananthacorus_angustifolius",-35.856236,-8.694218
"Ananthacorus_angustifolius",-35.5,-7.583333
"Ananthacorus_angustifolius",-36.065155,-8.973738
"Ananthacorus_angustifolius",-38.910877,-4.305363
"Anemia_dentata",-36.96475,-8.44275
"Anemia_dentata",-36.750054,-8.300752
"Anemia_dentata",-36.016667,-7.900278
"Anemia_dentata",-38.055527,-7.822722
"Anemia_dentata",-35.370278,-5.881667
"Anemia_dentata",-35.691389,-6.963333
"Anemia_dentata",-35.6229,-7.0396
"Anemia_ferruginea",-36.750054,-8.300752
"Anemia_hirsuta",-36.408567,-8.198383
"Anemia_hirsuta",-36.026632,-8.355565
"Anemia_hirsuta",-35.196331,-8.040447
"Anemia_hirsuta",-36.385599,-8.158646
"Anemia_hirsuta",-35.72,-7.032778
"Anemia_hirsuta",-35.691389,-6.963333
"Anemia_hirta",-35.754177,-8.14922
"Anemia_hirta",-35.715556,-8.503889
"Anemia_hirta",-36.026632,-8.355565
"Anemia_hirta",-35.196331,-8.040447
"Anemia_hirta",-35.320101,-7.633011
"Anemia_hirta",-35.0697,-8.2272
"Anemia_hirta",-35.838611,-8.723055
"Anemia_hirta",-35.856236,-8.694218
"Anemia_hirta",-35.5,-7.583333
"Anemia_hirta",-35.377421,-7.606449
"Anemia_hirta",-35.2691667,-6.3847222
"Anemia_hirta",-36.421278,-9.244248
"Anemia_hirta",-36.065155,-8.973738
"Anemia_hirta",-35.954701,-9.18449
"Anemia_hirta",-36.402219,-9.620528
"Anemia_hirta",-35.716667,-8.921667
"Anemia_hirta",-38.910877,-4.305363
"Anemia_hirta",-38.716666,-3.900058
"Anemia_hirta",-38.633164,-3.983761
"Anemia_hirta",-38.750116,-3.683493
"Anemia_hirta",-35.691389,-6.963333
"Anemia_hirta",-35.153053,-7.041188
"Anemia_hispida",-35.196331,-8.040447
"Anemia_hispida",-35.0697,-8.2272
"Anemia_hispida",-35.2691667,-6.3847222
"Anemia_hispida",-35.954701,-9.18449
"Anemia_hispida",-36.402219,-9.620528
"Anemia_hispida",-35.570992,-9.096483
"Anemia_nervosa",-38.910877,-4.305363
"Anemia_oblongifolia",-35.838611,-8.723055
"Anemia_oblongifolia",-36.385599,-8.158646
"Anemia_oblongifolia",-36.750054,-8.300752
"Anemia_oblongifolia",-38.055527,-7.822722
"Anemia_oblongifolia",-39.594807,-7.134249
"Anemia_phyllitidis",-35.320101,-7.633011
"Anemia_phyllitidis",-35.838611,-8.723055
"Anemia_phyllitidis",-35.856236,-8.694218
"Anemia_phyllitidis",-36.385599,-8.158646
"Anemia_phyllitidis",-35.377421,-7.606449
"Anemia_phyllitidis",-36.421278,-9.244248
"Anemia_phyllitidis",-36.065155,-8.973738
"Anemia_phyllitidis",-36.535186,-10.314661
"Anemia_phyllitidis",-35.954701,-9.18449
"Anemia_phyllitidis",-36.195446,-9.591378
"Anemia_phyllitidis",-35.716667,-8.921667
"Anemia_phyllitidis",-36.055278,-9.274444
"Anemia_phyllitidis",-35.570992,-9.096483
"Anemia_phyllitidis",-38.910877,-4.305363
"Anemia_phyllitidis",-38.716666,-3.900058
"Anemia_phyllitidis",-38.633164,-3.983761
"Anemia_raddiana",-34.949997,-8.00837
"Anemia_raddiana",-35.838611,-8.723055
"Anemia_tomentosa",-36.96475,-8.44275
"Anemia_tomentosa",-35.196331,-8.040447
"Anemia_tomentosa",-38.126388,-9.071888
"Anemia_tomentosa",-38.055527,-7.822722
"Anemia_tomentosa",-35.691389,-6.963333
"Anemia_tomentosa",-35.6229,-7.0396
"Anemia_villosa",-36.010433,-8.391636
"Anemia_villosa",-35.452397,-8.357915
"Anemia_villosa",-36.408567,-8.198383
"Anemia_villosa",-35.754177,-8.14922
"Anemia_villosa",-35.715556,-8.503889
"Anemia_villosa",-36.026632,-8.355565
"Anemia_villosa",-35.838611,-8.723055
"Anemia_villosa",-35.856236,-8.694218
"Anemia_villosa",-36.385599,-8.158646
"Anemia_villosa",-36.750054,-8.300752
"Anemia_villosa",-35.5,-7.583333
"Anemia_villosa",-35.377421,-7.606449
"Anemia_villosa",-38.055527,-7.822722
"Anemia_villosa",-35.2691667,-6.3847222
"Anemia_villosa",-36.421278,-9.244248
"Anemia_villosa",-36.065155,-8.973738
"Anemia_villosa",-36.535186,-10.314661
"Anemia_villosa",-35.954701,-9.18449
"Anemia_villosa",-36.402219,-9.620528
"Anemia_villosa",-35.570992,-9.096483
"Anemia_villosa",-38.910877,-4.305363
"Anemia_villosa",-40.469167,-3.536667
"Asplenium_auriculatum",-35.715556,-8.503889
"Asplenium_auriculatum",-35.838611,-8.723055
"Asplenium_auriculatum",-35.856236,-8.694218
"Asplenium_auriculatum",-35.5,-7.583333
"Asplenium_auriculatum",-36.421278,-9.244248
"Asplenium_auriculatum",-38.716666,-3.900058
"Asplenium_auritum",-35.715556,-8.503889
"Asplenium_auritum",-36.026632,-8.355565
"Asplenium_auritum",-35.838611,-8.723055
"Asplenium_auritum",-35.856236,-8.694218
"Asplenium_auritum",-35.5,-7.583333
"Asplenium_auritum",-36.065155,-8.973738
"Asplenium_auritum",-36.535186,-10.314661
"Asplenium_auritum",-38.910877,-4.305363
"Asplenium_claussenii",-35.754177,-8.14922
"Asplenium_claussenii",-36.385599,-8.158646
"Asplenium_claussenii",-36.016667,-7.900278
"Asplenium_claussenii",-36.535186,-10.314661
"Asplenium_claussenii",-38.910877,-4.305363
"Asplenium_claussenii",-38.716666,-3.900058
"Asplenium_cristatum",-35.754177,-8.14922
"Asplenium_cristatum",-35.715556,-8.503889
"Asplenium_cristatum",-35.5,-7.583333
"Asplenium_cristatum",-35.377421,-7.606449
"Asplenium_cristatum",-35.2691667,-6.3847222
"Asplenium_cristatum",-36.421278,-9.244248
"Asplenium_cristatum",-36.535186,-10.314661
"Asplenium_cristatum",-35.716667,-8.921667
"Asplenium_cristatum",-38.910877,-4.305363
"Asplenium_cristatum",-38.716666,-3.900058
"Asplenium_feei",-38.910877,-4.305363
"Asplenium_feei",-38.716666,-3.900058
"Asplenium_formosum",-35.754177,-8.14922
"Asplenium_formosum",-35.715556,-8.503889
"Asplenium_formosum",-36.026632,-8.355565
"Asplenium_formosum",-35.320101,-7.633011
"Asplenium_formosum",-35.838611,-8.723055
"Asplenium_formosum",-35.856236,-8.694218
"Asplenium_formosum",-36.385599,-8.158646
"Asplenium_formosum",-36.750054,-8.300752
"Asplenium_formosum",-35.5,-7.583333
"Asplenium_formosum",-36.016667,-7.900278
"Asplenium_formosum",-35.377421,-7.606449
"Asplenium_formosum",-35.2691667,-6.3847222
"Asplenium_formosum",-36.421278,-9.244248
"Asplenium_formosum",-36.065155,-8.973738
"Asplenium_formosum",-35.954701,-9.18449
"Asplenium_formosum",-36.402219,-9.620528
"Asplenium_formosum",-35.716667,-8.921667
"Asplenium_formosum",-38.910877,-4.305363
"Asplenium_formosum",-40.898008,-3.839339
"Asplenium_formosum",-38.716666,-3.900058
"Asplenium_formosum",-38.633164,-3.983761
"Asplenium_inaequilaterale",-35.838611,-8.723055
"Asplenium_inaequilaterale",-35.5,-7.583333
"Asplenium_inaequilaterale",-36.421278,-9.244248
"Asplenium_inaequilaterale",-36.535186,-10.314661
"Asplenium_inaequilaterale",-36.055278,-9.274444
"Asplenium_inaequilaterale",-38.910877,-4.305363
"Asplenium_inaequilaterale",-38.716666,-3.900058
"Asplenium_inaequilaterale",-38.750116,-3.683493
"Asplenium_juglandifolium",-35.715556,-8.503889
"Asplenium_juglandifolium",-35.838611,-8.723055
"Asplenium_otites",-35.196331,-8.040447
"Asplenium_otites",-35.5,-7.583333
"Asplenium_otites",-38.910877,-4.305363
"Asplenium_otites",-38.716666,-3.900058
"Asplenium_otites",-38.633164,-3.983761
"Asplenium_otites",-38.750116,-3.683493
"Asplenium_otites",-35.153053,-7.041188
"Asplenium_praemorsum",-35.754177,-8.14922
"Asplenium_praemorsum",-36.385599,-8.158646
"Asplenium_pumilum",-36.96475,-8.44275
"Asplenium_pumilum",-36.408567,-8.198383
"Asplenium_pumilum",-35.754177,-8.14922
"Asplenium_pumilum",-36.750054,-8.300752
"Asplenium_pumilum",-38.055527,-7.822722
"Asplenium_pumilum",-38.910877,-4.305363
"Asplenium_pumilum",-40.898008,-3.839339
"Asplenium_pumilum",-40.469167,-3.536667
"Asplenium_pumilum",-35.691389,-6.963333
"Asplenium_pumilum",-35.558223,-6.779224
"Asplenium_salicifolium",-35.715556,-8.503889
"Asplenium_salicifolium",-35.838611,-8.723055
"Asplenium_salicifolium",-35.856236,-8.694218
"Asplenium_salicifolium",-35.5,-7.583333
"Asplenium_salicifolium",-36.421278,-9.244248
"Asplenium_salicifolium",-36.065155,-8.973738
"Asplenium_salicifolium",-38.910877,-4.305363
"Asplenium_salicifolium",-38.716666,-3.900058
"Asplenium_salicifolium",-38.633164,-3.983761
"Asplenium_salicifolium",-38.750116,-3.683493
"Asplenium_serra",-35.715556,-8.503889
"Asplenium_serra",-36.535186,-10.314661
"Asplenium_serra",-38.910877,-4.305363
"Asplenium_serra",-38.750116,-3.683493
"Asplenium_serratum",-35.754177,-8.14922
"Asplenium_serratum",-35.715556,-8.503889
"Asplenium_serratum",-36.026632,-8.355565
"Asplenium_serratum",-34.950522,-7.810665
"Asplenium_serratum",-35.196331,-8.040447
"Asplenium_serratum",-35.320101,-7.633011
"Asplenium_serratum",-35.410025,-8.697033
"Asplenium_serratum",-35.0697,-8.2272
"Asplenium_serratum",-35.838611,-8.723055
"Asplenium_serratum",-35.856236,-8.694218
"Asplenium_serratum",-36.385599,-8.158646
"Asplenium_serratum",-35.5,-7.583333
"Asplenium_serratum",-35.377421,-7.606449
"Asplenium_serratum",-35.2691667,-6.3847222
"Asplenium_serratum",-36.421278,-9.244248
"Asplenium_serratum",-36.065155,-8.973738
"Asplenium_serratum",-35.755556,-9.184722
"Asplenium_serratum",-36.535186,-10.314661
"Asplenium_serratum",-36.195446,-9.591378
"Asplenium_serratum",-35.691389,-6.963333
"Azolla_caroliniana",-35.196331,-8.040447
"Azolla_filiculoides",-36.010433,-8.391636
"Azolla_filiculoides",-36.026632,-8.355565
"Azolla_filiculoides",-38.047351,-8.651907
"Azolla_filiculoides",-35.838611,-8.723055
"Azolla_filiculoides",-35.184266,-6.085556
"Azolla_filiculoides",-35.755556,-9.184722
"Azolla_filiculoides",-35.954701,-9.18449
"Azolla_filiculoides",-39.594807,-7.134249
"Blechnum_austrobrasilianum",-35.754177,-8.14922
"Blechnum_occidentale",-35.452397,-8.357915
"Blechnum_occidentale",-36.408567,-8.198383
"Blechnum_occidentale",-35.754177,-8.14922
"Blechnum_occidentale",-35.715556,-8.503889
"Blechnum_occidentale",-36.026632,-8.355565
"Blechnum_occidentale",-37.240416,-8.581777
"Blechnum_occidentale",-35.196331,-8.040447
"Blechnum_occidentale",-35.320101,-7.633011
"Blechnum_occidentale",-36.551135,-8.370991
"Blechnum_occidentale",-35.410025,-8.697033
"Blechnum_occidentale",-35.0697,-8.2272
"Blechnum_occidentale",-35.838611,-8.723055
"Blechnum_occidentale",-35.856236,-8.694218
"Blechnum_occidentale",-36.385599,-8.158646
"Blechnum_occidentale",-35.5,-7.583333
"Blechnum_occidentale",-35.377421,-7.606449
"Blechnum_occidentale",-38.055527,-7.822722
"Blechnum_occidentale",-35.370278,-5.881667
"Blechnum_occidentale",-35.2691667,-6.3847222
"Blechnum_occidentale",-36.421278,-9.244248
"Blechnum_occidentale",-36.065155,-8.973738
"Blechnum_occidentale",-36.535186,-10.314661
"Blechnum_occidentale",-35.954701,-9.18449
"Blechnum_occidentale",-36.402219,-9.620528
"Blechnum_occidentale",-36.195446,-9.591378
"Blechnum_occidentale",-39.594807,-7.134249
"Blechnum_occidentale",-38.910877,-4.305363
"Blechnum_occidentale",-40.898008,-3.839339
"Blechnum_occidentale",-38.716666,-3.900058
"Blechnum_occidentale",-38.633164,-3.983761
"Blechnum_occidentale",-38.750116,-3.683493
"Blechnum_occidentale",-35.691389,-6.963333
"Blechnum_polypodioides",-39.594807,-7.134249
"Bolbitis_serratifolia",-38.716666,-3.900058
"Campyloneurum_angustifolium",-35.715556,-8.503889
"Campyloneurum_angustifolium",-35.320101,-7.633011
"Campyloneurum_nitidum",-35.754177,-8.14922
"Campyloneurum_nitidum",-35.715556,-8.503889
"Campyloneurum_nitidum",-36.026632,-8.355565
"Campyloneurum_nitidum",-34.978479,-8.043289
"Campyloneurum_nitidum",-35.320101,-7.633011
"Campyloneurum_nitidum",-35.0697,-8.2272
"Campyloneurum_nitidum",-35.856236,-8.694218
"Campyloneurum_nitidum",-36.385599,-8.158646
"Campyloneurum_nitidum",-36.016667,-7.900278
"Campyloneurum_nitidum",-35.377421,-7.606449
"Campyloneurum_nitidum",-36.421278,-9.244248
"Campyloneurum_nitidum",-36.535186,-10.314661
"Campyloneurum_phyllitidis",-35.754177,-8.14922
"Campyloneurum_phyllitidis",-35.715556,-8.503889
"Campyloneurum_phyllitidis",-36.026632,-8.355565
"Campyloneurum_phyllitidis",-35.838611,-8.723055
"Campyloneurum_phyllitidis",-35.5,-7.583333
"Campyloneurum_phyllitidis",-35.377421,-7.606449
"Campyloneurum_phyllitidis",-36.065155,-8.973738
"Campyloneurum_phyllitidis",-36.535186,-10.314661
"Campyloneurum_phyllitidis",-38.910877,-4.305363
"Campyloneurum_phyllitidis",-38.716666,-3.900058
"Campyloneurum_phyllitidis",-38.633164,-3.983761
"Campyloneurum_phyllitidis",-38.750116,-3.683493
"Campyloneurum_repens",-35.754177,-8.14922
"Campyloneurum_repens",-35.715556,-8.503889
"Campyloneurum_repens",-36.026632,-8.355565
"Campyloneurum_repens",-35.196331,-8.040447
"Campyloneurum_repens",-35.320101,-7.633011
"Campyloneurum_repens",-35.0697,-8.2272
"Campyloneurum_repens",-35.838611,-8.723055
"Campyloneurum_repens",-35.856236,-8.694218
"Campyloneurum_repens",-35.5,-7.583333
"Campyloneurum_repens",-35.377421,-7.606449
"Campyloneurum_repens",-36.421278,-9.244248
"Campyloneurum_repens",-36.065155,-8.973738
"Campyloneurum_repens",-36.535186,-10.314661
"Campyloneurum_repens",-36.195446,-9.591378
"Campyloneurum_repens",-38.716666,-3.900058
"Ceratopteris_pteridoides",-36.010433,-8.391636
"Ceratopteris_pteridoides",-35.196331,-8.040447
"Ceratopteris_pteridoides",-38.047351,-8.651907
"Ceratopteris_pteridoides",-36.421278,-9.244248
"Ceratopteris_pteridoides",-39.594807,-7.134249
"Ceratopteris_pteridoides",-38.750116,-3.683493
"Ceratopteris_pteridoides",-35.691389,-6.963333
"Ceratopteris_pteridoides",-35.6229,-7.0396
"Ceratopteris_pteridoides",-35.153053,-7.041188
"Ceratopteris_thalictroides",-35.196331,-8.040447
"Ceratopteris_thalictroides",-35.838611,-8.723055
"Ceratopteris_thalictroides",-35.184266,-6.085556
"Ceratopteris_thalictroides",-37.981165,-6.022861
"Ceratopteris_thalictroides",-36.065155,-8.973738
"Ceratopteris_thalictroides",-35.755556,-9.184722
"Ceratopteris_thalictroides",-36.535186,-10.314661
"Ceratopteris_thalictroides",-35.954701,-9.18449
"Ceratopteris_thalictroides",-38.910877,-4.305363
"Ceratopteris_thalictroides",-35.558223,-6.779224
"Christella_conspersa",-35.715556,-8.503889
"Christella_conspersa",-35.838611,-8.723055
"Christella_dentata",-36.026632,-8.355565
"Christella_dentata",-34.950522,-7.810665
"Christella_dentata",-34.949997,-8.00837
"Christella_dentata",-35.196331,-8.040447
"Christella_dentata",-35.410025,-8.697033
"Christella_dentata",-35.0697,-8.2272
"Christella_dentata",-36.535186,-10.314661
"Christella_dentata",-35.716667,-8.921667
"Christella_dentata",-39.594807,-7.134249
"Christella_dentata",-38.910877,-4.305363
"Christella_dentata",-40.469167,-3.536667
"Christella_dentata",-38.633164,-3.983761
"Christella_dentata",-35.691389,-6.963333
"Christella_dentata",-35.558223,-6.779224
"Christella_dentata",-35.6229,-7.0396
"Christella_dentata",-35.142056,-6.741861
"Christella_hispidula_",-34.978479,-8.043289
"Christella_hispidula_",-35.370278,-5.881667
"Cochlidium_linearifolium",-35.715556,-8.503889
"Cochlidium_punctatum",-35.715556,-8.503889
"Cochlidium_punctatum",-38.716666,-3.900058
"Cochlidium_serrulatum",-35.715556,-8.503889
"Cochlidium_serrulatum",-35.838611,-8.723055
"Cochlidium_serrulatum",-35.856236,-8.694218
"Cochlidium_serrulatum",-36.065155,-8.973738
"Cochlidium_serrulatum",-38.716666,-3.900058
"Cochlidium_serrulatum",-38.633164,-3.983761
"Cochlidium_serrulatum",-38.750116,-3.683493
"Crepidomanes_pyxidiferum",-35.838611,-8.723055
"Ctenitis_ampla",-38.633164,-3.983761
"Ctenitis_ampla",-35.142056,-6.741861
"Ctenitis_deflexa",-36.421278,-9.244248
"Ctenitis_distans",-35.715556,-8.503889
"Ctenitis_distans",-36.026632,-8.355565
"Ctenitis_distans",-35.320101,-7.633011
"Ctenitis_distans",-35.0697,-8.2272
"Ctenitis_distans",-35.838611,-8.723055
"Ctenitis_distans",-35.856236,-8.694218
"Ctenitis_distans",-35.5,-7.583333
"Ctenitis_distans",-35.377421,-7.606449
"Ctenitis_distans",-36.421278,-9.244248
"Ctenitis_distans",-36.065155,-8.973738
"Ctenitis_distans",-36.535186,-10.314661
"Ctenitis_distans",-36.195446,-9.591378
"Ctenitis_distans",-38.910877,-4.305363
"Ctenitis_falciculata",-35.715556,-8.503889
"Ctenitis_falciculata",-36.026632,-8.355565
"Ctenitis_falciculata",-35.0697,-8.2272
"Ctenitis_fenestralis",-38.910877,-4.305363
"Ctenitis_glandulosa",-35.715556,-8.503889
"Ctenitis_glandulosa",-35.838611,-8.723055
"Ctenitis_glandulosa",-35.856236,-8.694218
"Ctenitis_nervata",-36.026632,-8.355565
"Ctenitis_submarginalis",-36.408567,-8.198383
"Ctenitis_submarginalis",-35.715556,-8.503889
"Ctenitis_submarginalis",-36.026632,-8.355565
"Ctenitis_submarginalis",-35.838611,-8.723055
"Ctenitis_submarginalis",-35.856236,-8.694218
"Ctenitis_submarginalis",-35.377421,-7.606449
"Ctenitis_submarginalis",-35.2691667,-6.3847222
"Ctenitis_submarginalis",-36.421278,-9.244248
"Ctenitis_submarginalis",-36.065155,-8.973738
"Ctenitis_submarginalis",-39.594807,-7.134249
"Ctenitis_submarginalis",-38.910877,-4.305363
"Ctenitis_submarginalis",-38.716666,-3.900058
"Ctenitis_submarginalis",-38.633164,-3.983761
"Ctenitis_submarginalis",-38.750116,-3.683493
"Cyathea_abreviata",-35.410025,-8.697033
"Cyathea_abreviata",-36.065155,-8.973738
"Cyathea_atrovirens",-36.026632,-8.355565
"Cyathea_corcovadensis",-35.715556,-8.503889
"Cyathea_corcovadensis",-35.838611,-8.723055
"Cyathea_corcovadensis",-36.421278,-9.244248
"Cyathea_corcovadensis",-36.065155,-8.973738
"Cyathea_corcovadensis",-36.535186,-10.314661
"Cyathea_delgadii",-35.715556,-8.503889
"Cyathea_delgadii",-37.240416,-8.581777
"Cyathea_delgadii",-35.838611,-8.723055
"Cyathea_delgadii",-36.016667,-7.900278
"Cyathea_delgadii",-39.594807,-7.134249
"Cyathea_delgadii",-38.716666,-3.900058
"Cyathea_glaziovii",-35.5,-7.583333
"Cyathea_glaziovii",-38.633164,-3.983761
"Cyathea_microdonta",-35.452397,-8.357915
"Cyathea_microdonta",-35.715556,-8.503889
"Cyathea_microdonta",-36.026632,-8.355565
"Cyathea_microdonta",-34.978479,-8.043289
"Cyathea_microdonta",-35.196331,-8.040447
"Cyathea_microdonta",-35.0697,-8.2272
"Cyathea_microdonta",-34.980653,-8.091551
"Cyathea_microdonta",-35.838611,-8.723055
"Cyathea_microdonta",-35.856236,-8.694218
"Cyathea_microdonta",-36.385599,-8.158646
"Cyathea_microdonta",-35.5,-7.583333
"Cyathea_microdonta",-35.377421,-7.606449
"Cyathea_microdonta",-35.2691667,-6.3847222
"Cyathea_microdonta",-36.421278,-9.244248
"Cyathea_microdonta",-36.065155,-8.973738
"Cyathea_microdonta",-35.954701,-9.18449
"Cyathea_microdonta",-36.402219,-9.620528
"Cyathea_microdonta",-35.570992,-9.096483
"Cyathea_microdonta",-39.594807,-7.134249
"Cyathea_microdonta",-38.910877,-4.305363
"Cyathea_microdonta",-40.898008,-3.839339
"Cyathea_microdonta",-38.633164,-3.983761
"Cyathea_microdonta",-35.691389,-6.963333
"Cyathea_microdonta",-35.558223,-6.779224
"Cyathea_microdonta",-35.142056,-6.741861
"Cyathea_phalerata",-35.715556,-8.503889
"Cyathea_phalerata",-36.026632,-8.355565
"Cyathea_phalerata",-35.838611,-8.723055
"Cyathea_phalerata",-35.856236,-8.694218
"Cyathea_phalerata",-36.385599,-8.158646
"Cyathea_phalerata",-35.5,-7.583333
"Cyathea_phalerata",-35.377421,-7.606449
"Cyathea_phalerata",-35.2691667,-6.3847222
"Cyathea_phalerata",-36.421278,-9.244248
"Cyathea_phalerata",-36.065155,-8.973738
"Cyathea_phalerata",-36.535186,-10.314661
"Cyathea_phalerata",-40.898008,-3.839339
"Cyathea_phalerata",-35.142056,-6.741861
"Cyathea_phalerata",-35.153053,-7.041188
"Cyathea_praecincta",-35.410025,-8.697033
"Cyathea_praecincta",-35.838611,-8.723055
"Cyathea_praecincta",-35.856236,-8.694218
"Cyathea_praecincta",-35.377421,-7.606449
"Cyathea_praecincta",-36.421278,-9.244248
"Cyathea_praecincta",-36.065155,-8.973738
"Cyathea_pungens",-35.715556,-8.503889
"Cyathea_pungens",-35.838611,-8.723055
"Cyathea_pungens",-35.5,-7.583333
"Cyathea_pungens",-35.377421,-7.606449
"Cyathea_pungens",-35.2691667,-6.3847222
"Cyathea_pungens",-36.065155,-8.973738
"Cyathea_pungens",-39.594807,-7.134249
"Cyathea_pungens",-38.910877,-4.305363
"Cyathea_pungens",-38.716666,-3.900058
"Cyclodium_guianense",-35.452397,-8.357915
"Cyclodium_guianense",-35.320101,-7.633011
"Cyclodium_guianense",-35.838611,-8.723055
"Cyclodium_guianense",-35.856236,-8.694218
"Cyclodium_guianense",-35.5,-7.583333
"Cyclodium_guianense",-35.377421,-7.606449
"Cyclodium_guianense",-36.421278,-9.244248
"Cyclodium_guianense",-36.065155,-8.973738
"Cyclodium_guianense",-38.716666,-3.900058
"Cyclodium_heterodon",-35.715556,-8.503889
"Cyclodium_heterodon",-35.410025,-8.697033
"Cyclodium_heterodon",-35.838611,-8.723055
"Cyclodium_heterodon",-35.856236,-8.694218
"Cyclodium_heterodon",-36.385599,-8.158646
"Cyclodium_heterodon",-35.5,-7.583333
"Cyclodium_heterodon",-35.377421,-7.606449
"Cyclodium_heterodon",-36.421278,-9.244248
"Cyclodium_heterodon",-36.065155,-8.973738
"Cyclodium_heterodon",-35.716667,-8.921667
"Cyclodium_meniscioides",-35.715556,-8.503889
"Cyclodium_meniscioides",-34.950522,-7.810665
"Cyclodium_meniscioides",-35.410025,-8.697033
"Cyclodium_meniscioides",-35.838611,-8.723055
"Cyclodium_meniscioides",-35.856236,-8.694218
"Cyclodium_meniscioides",-35.5,-7.583333
"Cyclodium_meniscioides",-35.377421,-7.606449
"Cyclodium_meniscioides",-35.370278,-5.881667
"Cyclodium_meniscioides",-36.421278,-9.244248
"Cyclodium_meniscioides",-36.065155,-8.973738
"Cyclodium_meniscioides",-38.716666,-3.900058
"Cyclodium_meniscioides",-35.153053,-7.041188
"Cyclosorus_interruptus",-35.452397,-8.357915
"Cyclosorus_interruptus",-35.754177,-8.14922
"Cyclosorus_interruptus",-35.715556,-8.503889
"Cyclosorus_interruptus",-36.026632,-8.355565
"Cyclosorus_interruptus",-37.240416,-8.581777
"Cyclosorus_interruptus",-34.949997,-8.00837
"Cyclosorus_interruptus",-34.978479,-8.043289
"Cyclosorus_interruptus",-35.196331,-8.040447
"Cyclosorus_interruptus",-36.551135,-8.370991
"Cyclosorus_interruptus",-35.410025,-8.697033
"Cyclosorus_interruptus",-35.0697,-8.2272
"Cyclosorus_interruptus",-35.838611,-8.723055
"Cyclosorus_interruptus",-35.856236,-8.694218
"Cyclosorus_interruptus",-36.385599,-8.158646
"Cyclosorus_interruptus",-35.5,-7.583333
"Cyclosorus_interruptus",-35.377421,-7.606449
"Cyclosorus_interruptus",-37.981165,-6.022861
"Cyclosorus_interruptus",-35.2691667,-6.3847222
"Cyclosorus_interruptus",-36.421278,-9.244248
"Cyclosorus_interruptus",-36.065155,-8.973738
"Cyclosorus_interruptus",-36.535186,-10.314661
"Cyclosorus_interruptus",-35.954701,-9.18449
"Cyclosorus_interruptus",-36.402219,-9.620528
"Cyclosorus_interruptus",-36.195446,-9.591378
"Cyclosorus_interruptus",-38.910877,-4.305363
"Cyclosorus_interruptus",-40.898008,-3.839339
"Cyclosorus_interruptus",-38.716666,-3.900058
"Cyclosorus_interruptus",-38.633164,-3.983761
"Cyclosorus_interruptus",-35.691389,-6.963333
"Cyclosorus_interruptus",-35.558223,-6.779224
"Cyclosorus_interruptus",-34.861185,-7.146738
"Cyclosorus_interruptus",-35.142056,-6.741861
"Cyclosorus_interruptus",-35.153053,-7.041188
"Danaea_bipinnata",-35.0697,-8.2272
"Danaea_bipinnata",-35.377421,-7.606449
"Danaea_bipinnata",-36.421278,-9.244248
"Danaea_geniculata",-35.856236,-8.694218
"Danaea_geniculata",-35.377421,-7.606449
"Danaea_geniculata",-38.716666,-3.900058
"Danaea_geniculata",-38.633164,-3.983761
"Danaea_geniculata",-38.750116,-3.683493
"Danaea_nodosa",-35.715556,-8.503889
"Danaea_nodosa",-35.0697,-8.2272
"Danaea_nodosa",-35.838611,-8.723055
"Danaea_nodosa",-35.856236,-8.694218
"Danaea_nodosa",-35.5,-7.583333
"Danaea_nodosa",-35.377421,-7.606449
"Danaea_nodosa",-36.421278,-9.244248
"Danaea_nodosa",-38.716666,-3.900058
"Danaea_nodosa",-38.633164,-3.983761
"Dennstaedtia_cicutaria",-36.421278,-9.244248
"Dennstaedtia_cicutaria",-36.065155,-8.973738
"Dennstaedtia_cicutaria",-38.716666,-3.900058
"Dennstaedtia_cornuta",-35.838611,-8.723055
"Dennstaedtia_cornuta",-36.421278,-9.244248
"Deparia_petersenii",-36.026632,-8.355565
"Deparia_petersenii",-35.5,-7.583333
"Dicranopteris_flexuosa",-35.715556,-8.503889
"Dicranopteris_flexuosa",-36.026632,-8.355565
"Dicranopteris_flexuosa",-37.240416,-8.581777
"Dicranopteris_flexuosa",-34.949997,-8.00837
"Dicranopteris_flexuosa",-35.196331,-8.040447
"Dicranopteris_flexuosa",-35.410025,-8.697033
"Dicranopteris_flexuosa",-35.0697,-8.2272
"Dicranopteris_flexuosa",-34.980653,-8.091551
"Dicranopteris_flexuosa",-35.838611,-8.723055
"Dicranopteris_flexuosa",-35.5,-7.583333
"Dicranopteris_flexuosa",-35.377421,-7.606449
"Dicranopteris_flexuosa",-35.184266,-6.085556
"Dicranopteris_flexuosa",-36.421278,-9.244248
"Dicranopteris_flexuosa",-36.065155,-8.973738
"Dicranopteris_flexuosa",-39.594807,-7.134249
"Dicranopteris_flexuosa",-38.910877,-4.305363
"Dicranopteris_flexuosa",-38.716666,-3.900058
"Dicranopteris_flexuosa",-35.691389,-6.963333
"Dicranopteris_flexuosa",-35.142056,-6.741861
"Didymochlaena_truncatula",-35.5,-7.583333
"Didymochlaena_truncatula",-36.421278,-9.244248
"Didymoglossum_angustifrons",-35.044369,-7.560831
"Didymoglossum_angustifrons",-36.065155,-8.973738
"Didymoglossum_angustifrons",-38.716666,-3.900058
"Didymoglossum_angustifrons",-38.633164,-3.983761
"Didymoglossum_hymenoides",-35.754177,-8.14922
"Didymoglossum_hymenoides",-35.715556,-8.503889
"Didymoglossum_hymenoides",-36.026632,-8.355565
"Didymoglossum_hymenoides",-35.320101,-7.633011
"Didymoglossum_hymenoides",-35.838611,-8.723055
"Didymoglossum_hymenoides",-35.856236,-8.694218
"Didymoglossum_hymenoides",-36.385599,-8.158646
"Didymoglossum_hymenoides",-35.5,-7.583333
"Didymoglossum_hymenoides",-36.421278,-9.244248
"Didymoglossum_hymenoides",-36.065155,-8.973738
"Didymoglossum_kapplerianum ",-38.047351,-8.651907
"Didymoglossum_krausii",-35.196331,-8.040447
"Didymoglossum_krausii",-35.320101,-7.633011
"Didymoglossum_krausii",-36.065155,-8.973738
"Didymoglossum_ovale",-35.0697,-8.2272
"Didymoglossum_ovale",-35.5,-7.583333
"Didymoglossum_ovale",-35.153053,-7.041188
"Didymoglossum_punctatum",-35.838611,-8.723055
"Didymoglossum_punctatum",-35.856236,-8.694218
"Didymoglossum_reptans",-38.633164,-3.983761
"Diplazium_ambiguum",-35.5,-7.583333
"Diplazium_ambiguum",-36.421278,-9.244248
"Diplazium_celtidifolium",-35.838611,-8.723055
"Diplazium_celtidifolium",-36.421278,-9.244248
"Diplazium_cristatum",-36.026632,-8.355565
"Diplazium_cristatum",-35.410025,-8.697033
"Diplazium_cristatum",-35.838611,-8.723055
"Diplazium_cristatum",-35.856236,-8.694218
"Diplazium_cristatum",-35.5,-7.583333
"Diplazium_cristatum",-35.377421,-7.606449
"Diplazium_cristatum",-36.421278,-9.244248
"Diplazium_cristatum",-36.065155,-8.973738
"Diplazium_cristatum",-36.402219,-9.620528
"Diplazium_cristatum",-38.910877,-4.305363
"Diplazium_cristatum",-38.716666,-3.900058
"Diplazium_cristatum",-38.750116,-3.683493
"Diplazium_mutilum",-36.421278,-9.244248
"Diplazium_plantaginifolium",-36.026632,-8.355565
"Diplazium_plantaginifolium",-36.421278,-9.244248
"Diplazium_plantaginifolium",-38.716666,-3.900058
"Diplazium_tabalosense",-38.716666,-3.900058
"Diplazium_tabalosense",-38.750116,-3.683493
"Doryopteris_collina",-36.010433,-8.391636
"Doryopteris_collina",-36.96475,-8.44275
"Doryopteris_collina",-35.754177,-8.14922
"Doryopteris_collina",-36.026632,-8.355565
"Doryopteris_collina",-37.240416,-8.581777
"Doryopteris_collina",-35.0697,-8.2272
"Doryopteris_collina",-35.838611,-8.723055
"Doryopteris_collina",-36.385599,-8.158646
"Doryopteris_collina",-36.750054,-8.300752
"Doryopteris_collina",-35.5,-7.583333
"Doryopteris_collina",-38.055527,-7.822722
"Doryopteris_collina",-35.2691667,-6.3847222
"Doryopteris_collina",-38.910877,-4.305363
"Doryopteris_concolor",-36.96475,-8.44275
"Doryopteris_concolor",-35.196331,-8.040447
"Doryopteris_concolor",-38.055527,-7.822722
"Doryopteris_concolor",-35.370278,-5.881667
"Doryopteris_concolor",-39.594807,-7.134249
"Doryopteris_concolor",-38.910877,-4.305363
"Doryopteris_concolor",-38.633164,-3.983761
"Doryopteris_concolor",-35.558223,-6.779224
"Doryopteris_concolor",-35.6229,-7.0396
"Doryopteris_pentagona",-36.010433,-8.391636
"Doryopteris_pentagona",-36.408567,-8.198383
"Doryopteris_pentagona",-35.320101,-7.633011
"Doryopteris_pentagona",-36.551135,-8.370991
"Doryopteris_pentagona",-35.838611,-8.723055
"Doryopteris_pentagona",-35.856236,-8.694218
"Doryopteris_pentagona",-36.385599,-8.158646
"Doryopteris_pentagona",-35.5,-7.583333
"Doryopteris_pentagona",-36.016667,-7.900278
"Doryopteris_pentagona",-35.377421,-7.606449
"Doryopteris_pentagona",-35.2691667,-6.3847222
"Doryopteris_pentagona",-36.065155,-8.973738
"Doryopteris_pentagona",-38.910877,-4.305363
"Doryopteris_raddiana",-36.96475,-8.44275
"Doryopteris_raddiana",-35.715556,-8.503889
"Doryopteris_raddiana",-35.377421,-7.606449
"Doryopteris_raddiana",-38.055527,-7.822722
"Doryopteris_raddiana",-35.954701,-9.18449
"Doryopteris_rediviva",-36.385599,-8.158646
"Doryopteris_sagittifolia",-35.715556,-8.503889
"Doryopteris_sagittifolia",-35.838611,-8.723055
"Doryopteris_sagittifolia",-35.856236,-8.694218
"Doryopteris_sagittifolia",-36.421278,-9.244248
"Doryopteris_varians",-35.715556,-8.503889
"Doryopteris_varians",-36.026632,-8.355565
"Doryopteris_varians",-35.838611,-8.723055
"Doryopteris_varians",-35.856236,-8.694218
"Doryopteris_varians",-35.5,-7.583333
"Doryopteris_varians",-35.377421,-7.606449
"Doryopteris_varians",-38.055527,-7.822722
"Doryopteris_varians",-35.2691667,-6.3847222
"Doryopteris_varians",-36.421278,-9.244248
"Elaphoglossum_discolor",-38.716666,-3.900058
"Elaphoglossum_discolor",-38.633164,-3.983761
"Elaphoglossum_glabellum",-35.715556,-8.503889
"Elaphoglossum_glabellum",-35.838611,-8.723055
"Elaphoglossum_glabellum",-35.856236,-8.694218
"Elaphoglossum_glabellum",-36.421278,-9.244248
"Elaphoglossum_herminieri",-35.838611,-8.723055
"Elaphoglossum_iguapense",-35.715556,-8.503889
"Elaphoglossum_iguapense",-35.838611,-8.723055
"Elaphoglossum_iguapense",-35.856236,-8.694218
"Elaphoglossum_lingua",-35.838611,-8.723055
"Elaphoglossum_lingua",-35.856236,-8.694218
"Elaphoglossum_macrophyllum",-38.716666,-3.900058
"Elaphoglossum_macrophyllum",-38.633164,-3.983761
"Elaphoglossum_nigrescens",-38.716666,-3.900058
"Elaphoglossum_pachydermum",-35.838611,-8.723055
"Elaphoglossum_pachydermum",-35.856236,-8.694218
"Gleichenella_pectinata",-36.010433,-8.391636
"Gleichenella_pectinata",-35.452397,-8.357915
"Gleichenella_pectinata",-35.715556,-8.503889
"Gleichenella_pectinata",-36.026632,-8.355565
"Gleichenella_pectinata",-34.949997,-8.00837
"Gleichenella_pectinata",-35.0697,-8.2272
"Gleichenella_pectinata",-34.980653,-8.091551
"Gleichenella_pectinata",-35.838611,-8.723055
"Gleichenella_pectinata",-35.856236,-8.694218
"Gleichenella_pectinata",-35.377421,-7.606449
"Gleichenella_pectinata",-36.421278,-9.244248
"Gleichenella_pectinata",-36.065155,-8.973738
"Gleichenella_pectinata",-38.910877,-4.305363
"Gleichenella_pectinata",-38.716666,-3.900058
"Goniopteris_abrupta",-36.026632,-8.355565
"Goniopteris_abrupta",-34.949997,-8.00837
"Goniopteris_abrupta",-35.410025,-8.697033
"Goniopteris_abrupta",-35.0697,-8.2272
"Goniopteris_abrupta",-35.838611,-8.723055
"Goniopteris_abrupta",-35.856236,-8.694218
"Goniopteris_abrupta",-35.377421,-7.606449
"Goniopteris_abrupta",-36.421278,-9.244248
"Goniopteris_abrupta",-36.065155,-8.973738
"Goniopteris_abrupta",-36.535186,-10.314661
"Goniopteris_abrupta",-38.910877,-4.305363
"Goniopteris_biolleyi",-35.838611,-8.723055
"Goniopteris_biolleyi",-35.856236,-8.694218
"Goniopteris_biolleyi",-35.5,-7.583333
"Goniopteris_biolleyi",-35.377421,-7.606449
"Goniopteris_biolleyi",-36.421278,-9.244248
"Goniopteris_biolleyi",-36.402219,-9.620528
"Goniopteris_jamesonii",-35.856236,-8.694218
"Goniopteris_jamesonii",-36.421278,-9.244248
"Goniopteris_jamesonii",-36.065155,-8.973738
"Goniopteris_poiteana",-35.838611,-8.723055
"Goniopteris_poiteana",-35.377421,-7.606449
"Goniopteris_poiteana",-36.421278,-9.244248
"Goniopteris_poiteana",-38.910877,-4.305363
"Goniopteris_poiteana",-38.716666,-3.900058
"Goniopteris_poiteana",-38.633164,-3.983761
"Goniopteris_poiteana",-38.750116,-3.683493
"Goniopteris_poiteana",-35.558223,-6.779224
"Goniopteris_poiteana",-35.153053,-7.041188
"Hecistopteris_pumila",-35.452397,-8.357915
"Hecistopteris_pumila",-35.0697,-8.2272
"Hecistopteris_pumila",-35.838611,-8.723055
"Hecistopteris_pumila",-35.691389,-6.963333
"Hemidictyum_marginatum",-35.410025,-8.697033
"Hemidictyum_marginatum",-36.421278,-9.244248
"Hemionitis_palmata",-35.715556,-8.503889
"Hemionitis_palmata",-35.196331,-8.040447
"Hemionitis_palmata",-35.320101,-7.633011
"Hemionitis_palmata",-35.838611,-8.723055
"Hemionitis_palmata",-35.856236,-8.694218
"Hemionitis_palmata",-35.5,-7.583333
"Hemionitis_palmata",-35.377421,-7.606449
"Hemionitis_palmata",-36.421278,-9.244248
"Hemionitis_palmata",-36.065155,-8.973738
"Hemionitis_palmata",-35.954701,-9.18449
"Hemionitis_palmata",-36.402219,-9.620528
"Hemionitis_palmata",-35.570992,-9.096483
"Hemionitis_palmata",-38.910877,-4.305363
"Hemionitis_palmata",-38.716666,-3.900058
"Hemionitis_palmata",-38.633164,-3.983761
"Hemionitis_palmata",-35.691389,-6.963333
"Hemionitis_palmata",-35.558223,-6.779224
"Hemionitis_palmata",-35.153053,-7.041188
"Hemionitis_tomentosa",-36.96475,-8.44275
"Hemionitis_tomentosa",-35.754177,-8.14922
"Hemionitis_tomentosa",-35.715556,-8.503889
"Hemionitis_tomentosa",-37.240416,-8.581777
"Hemionitis_tomentosa",-35.196331,-8.040447
"Hemionitis_tomentosa",-35.320101,-7.633011
"Hemionitis_tomentosa",-36.551135,-8.370991
"Hemionitis_tomentosa",-35.0697,-8.2272
"Hemionitis_tomentosa",-35.838611,-8.723055
"Hemionitis_tomentosa",-35.856236,-8.694218
"Hemionitis_tomentosa",-36.750054,-8.300752
"Hemionitis_tomentosa",-35.377421,-7.606449
"Hemionitis_tomentosa",-38.055527,-7.822722
"Hemionitis_tomentosa",-36.421278,-9.244248
"Hemionitis_tomentosa",-36.065155,-8.973738
"Hemionitis_tomentosa",-36.535186,-10.314661
"Hemionitis_tomentosa",-36.402219,-9.620528
"Hemionitis_tomentosa",-36.055278,-9.274444
"Hemionitis_tomentosa",-38.910877,-4.305363
"Hemionitis_tomentosa",-38.716666,-3.900058
"Hemionitis_tomentosa",-35.691389,-6.963333
"Hymenasplenium_laetum",-35.5,-7.583333
"Hymenophyllum_apiculatum",-35.838611,-8.723055
"Hymenophyllum_apiculatum",-35.856236,-8.694218
"Hymenophyllum_hirsutum",-35.715556,-8.503889
"Hymenophyllum_hirsutum",-35.838611,-8.723055
"Hymenophyllum_hirsutum",-35.856236,-8.694218
"Hymenophyllum_hirsutum",-36.065155,-8.973738
"Hymenophyllum_hirsutum",-38.910877,-4.305363
"Hymenophyllum_hirsutum",-38.716666,-3.900058
"Hymenophyllum_hirsutum",-38.633164,-3.983761
"Hymenophyllum_hirsutum",-38.750116,-3.683493
"Hymenophyllum_polyanthos",-35.715556,-8.503889
"Hymenophyllum_polyanthos",-35.838611,-8.723055
"Hymenophyllum_polyanthos",-35.856236,-8.694218
"Hymenophyllum_polyanthos",-36.385599,-8.158646
"Hymenophyllum_polyanthos",-36.065155,-8.973738
"Hymenophyllum_polyanthos",-38.910877,-4.305363
"Hymenophyllum_polyanthos",-38.716666,-3.900058
"Hymenophyllum_polyanthos",-38.633164,-3.983761
"Hymenophyllum_polyanthos",-38.750116,-3.683493
"Hypolepis_repens",-35.715556,-8.503889
"Hypolepis_repens",-35.838611,-8.723055
"Hypolepis_repens",-35.856236,-8.694218
"Hypolepis_repens",-35.5,-7.583333
"Hypolepis_repens",-36.421278,-9.244248
"Hypolepis_repens",-38.910877,-4.305363
"Hypolepis_repens",-38.716666,-3.900058
"Hypolepis_repens",-38.633164,-3.983761
"Hypolepis_rigescens",-35.838611,-8.723055
"Lastreopsis_amplissima",-35.715556,-8.503889
"Lastreopsis_amplissima",-35.838611,-8.723055
"Lastreopsis_amplissima",-40.898008,-3.839339
"Lastreopsis_amplissima",-38.716666,-3.900058
"Lellingeria_suspensa",-38.716666,-3.900058
"Lindsaea_divaricata",-35.153053,-7.041188
"Lindsaea_falcata",-35.377421,-7.606449
"Lindsaea_falcata",-38.910877,-4.305363
"Lindsaea_guianensis",-36.385599,-8.158646
"Lindsaea_guianensis",-38.910877,-4.305363
"Lindsaea_lancea",-35.452397,-8.357915
"Lindsaea_lancea",-35.715556,-8.503889
"Lindsaea_lancea",-36.026632,-8.355565
"Lindsaea_lancea",-34.949997,-8.00837
"Lindsaea_lancea",-34.978479,-8.043289
"Lindsaea_lancea",-35.0697,-8.2272
"Lindsaea_lancea",-35.838611,-8.723055
"Lindsaea_lancea",-35.856236,-8.694218
"Lindsaea_lancea",-35.5,-7.583333
"Lindsaea_lancea",-35.377421,-7.606449
"Lindsaea_lancea",-36.421278,-9.244248
"Lindsaea_lancea",-36.065155,-8.973738
"Lindsaea_lancea",-36.402219,-9.620528
"Lindsaea_lancea",-38.910877,-4.305363
"Lindsaea_lancea",-38.716666,-3.900058
"Lindsaea_lancea",-38.633164,-3.983761
"Lindsaea_lancea",-35.142056,-6.741861
"Lindsaea_lancea",-35.153053,-7.041188
"Lindsaea_pallida",-35.838611,-8.723055
"Lindsaea_pallida",-35.377421,-7.606449
"Lindsaea_quadrangularis",-36.065155,-8.973738
"Lindsaea_quadrangularis",-36.535186,-10.314661
"Lindsaea_quadrangularis",-38.910877,-4.305363
"Lindsaea_stricta",-35.452397,-8.357915
"Lindsaea_stricta",-35.715556,-8.503889
"Lindsaea_stricta",-37.240416,-8.581777
"Lindsaea_stricta",-34.949997,-8.00837
"Lindsaea_stricta",-35.838611,-8.723055
"Lindsaea_stricta",-36.385599,-8.158646
"Lindsaea_stricta",-37.981165,-6.022861
"Lindsaea_stricta",-36.421278,-9.244248
"Lindsaea_stricta",-35.755556,-9.184722
"Lindsaea_stricta",-35.142056,-6.741861
"Lomariopsis_japurensis",-35.715556,-8.503889
"Lomariopsis_japurensis",-36.026632,-8.355565
"Lomariopsis_japurensis",-35.320101,-7.633011
"Lomariopsis_japurensis",-35.410025,-8.697033
"Lomariopsis_japurensis",-35.0697,-8.2272
"Lomariopsis_japurensis",-35.838611,-8.723055
"Lomariopsis_japurensis",-35.856236,-8.694218
"Lomariopsis_japurensis",-35.5,-7.583333
"Lomariopsis_japurensis",-35.377421,-7.606449
"Lomariopsis_japurensis",-36.421278,-9.244248
"Lomariopsis_japurensis",-36.065155,-8.973738
"Lomariopsis_japurensis",-36.535186,-10.314661
"Lomariopsis_japurensis",-38.910877,-4.305363
"Lomariopsis_japurensis",-38.716666,-3.900058
"Lomariopsis_japurensis",-38.633164,-3.983761
"Lomariopsis_marginata",-35.410025,-8.697033
"Lomariopsis_marginata",-38.910877,-4.305363
"Lomariopsis_marginata",-38.716666,-3.900058
"Lycopodium_clavatum",-38.716666,-3.900058
"Lycopodium_clavatum",-35.142056,-6.741861
"Lygodium_venustum",-35.452397,-8.357915
"Lygodium_venustum",-35.754177,-8.14922
"Lygodium_venustum",-35.715556,-8.503889
"Lygodium_venustum",-36.026632,-8.355565
"Lygodium_venustum",-34.950522,-7.810665
"Lygodium_venustum",-34.949997,-8.00837
"Lygodium_venustum",-34.978479,-8.043289
"Lygodium_venustum",-35.196331,-8.040447
"Lygodium_venustum",-35.320101,-7.633011
"Lygodium_venustum",-35.410025,-8.697033
"Lygodium_venustum",-35.044369,-7.560831
"Lygodium_venustum",-35.0697,-8.2272
"Lygodium_venustum",-34.980653,-8.091551
"Lygodium_venustum",-35.838611,-8.723055
"Lygodium_venustum",-35.856236,-8.694218
"Lygodium_venustum",-35.5,-7.583333
"Lygodium_venustum",-38.126388,-9.071888
"Lygodium_venustum",-35.377421,-7.606449
"Lygodium_venustum",-37.981165,-6.022861
"Lygodium_venustum",-36.421278,-9.244248
"Lygodium_venustum",-36.065155,-8.973738
"Lygodium_venustum",-35.755556,-9.184722
"Lygodium_venustum",-36.535186,-10.314661
"Lygodium_venustum",-35.954701,-9.18449
"Lygodium_venustum",-36.402219,-9.620528
"Lygodium_venustum",-35.570992,-9.096483
"Lygodium_venustum",-39.594807,-7.134249
"Lygodium_venustum",-38.910877,-4.305363
"Lygodium_venustum",-40.898008,-3.839339
"Lygodium_venustum",-38.716666,-3.900058
"Lygodium_venustum",-40.469167,-3.536667
"Lygodium_venustum",-38.633164,-3.983761
"Lygodium_venustum",-38.750116,-3.683493
"Lygodium_venustum",-35.72,-7.032778
"Lygodium_venustum",-35.691389,-6.963333
"Lygodium_venustum",-35.558223,-6.779224
"Lygodium_venustum",-35.6229,-7.0396
"Lygodium_venustum",-34.861185,-7.146738
"Lygodium_venustum",-35.142056,-6.741861
"Lygodium_venustum",-35.153053,-7.041188
"Lygodium_volubile",-35.452397,-8.357915
"Lygodium_volubile",-35.715556,-8.503889
"Lygodium_volubile",-36.026632,-8.355565
"Lygodium_volubile",-37.240416,-8.581777
"Lygodium_volubile",-34.950522,-7.810665
"Lygodium_volubile",-34.949997,-8.00837
"Lygodium_volubile",-35.196331,-8.040447
"Lygodium_volubile",-35.0697,-8.2272
"Lygodium_volubile",-34.980653,-8.091551
"Lygodium_volubile",-35.838611,-8.723055
"Lygodium_volubile",-35.856236,-8.694218
"Lygodium_volubile",-35.5,-7.583333
"Lygodium_volubile",-37.981165,-6.022861
"Lygodium_volubile",-36.421278,-9.244248
"Lygodium_volubile",-36.065155,-8.973738
"Lygodium_volubile",-35.755556,-9.184722
"Lygodium_volubile",-36.402219,-9.620528
"Lygodium_volubile",-40.898008,-3.839339
"Lygodium_volubile",-34.861185,-7.146738
"Lygodium_volubile",-35.142056,-6.741861
"Lygodium_volubile",-35.153053,-7.041188
"Lytoneuron_ornithopus",-36.96475,-8.44275
"Lytoneuron_ornithopus",-37.240416,-8.581777
"Lytoneuron_ornithopus",-35.5,-7.583333
"Lytoneuron_ornithopus",-35.377421,-7.606449
"Macrothelypteris_torresiana",-35.452397,-8.357915
"Macrothelypteris_torresiana",-35.715556,-8.503889
"Macrothelypteris_torresiana",-34.950522,-7.810665
"Macrothelypteris_torresiana",-34.949997,-8.00837
"Macrothelypteris_torresiana",-35.196331,-8.040447
"Macrothelypteris_torresiana",-35.0697,-8.2272
"Macrothelypteris_torresiana",-35.838611,-8.723055
"Macrothelypteris_torresiana",-36.385599,-8.158646
"Macrothelypteris_torresiana",-35.5,-7.583333
"Macrothelypteris_torresiana",-35.377421,-7.606449
"Macrothelypteris_torresiana",-38.055527,-7.822722
"Macrothelypteris_torresiana",-35.370278,-5.881667
"Macrothelypteris_torresiana",-36.421278,-9.244248
"Macrothelypteris_torresiana",-39.594807,-7.134249
"Macrothelypteris_torresiana",-40.898008,-3.839339
"Macrothelypteris_torresiana",-38.716666,-3.900058
"Macrothelypteris_torresiana",-38.633164,-3.983761
"Macrothelypteris_torresiana",-35.691389,-6.963333
"Macrothelypteris_torresiana",-35.6229,-7.0396
"Marsilea_deflexa",-34.949997,-8.00837
"Marsilea_deflexa",-35.196331,-8.040447
"Marsilea_deflexa",-35.691389,-6.963333
"Marsilea_deflexa",-35.142056,-6.741861
"Marsilea_minuta",-35.184266,-6.085556
"Marsilea_minuta",-37.981165,-6.022861
"Marsilea_minuta",-35.142056,-6.741861
"Marsilea_polycarpa",-35.954701,-9.18449
"Marsilea_polycarpa",-38.633164,-3.983761
"Marsilea_polycarpa",-38.750116,-3.683493
"Megalastrum_connexum",-36.195446,-9.591378
"Megalastrum_connexum",-38.716666,-3.900058
"Megalastrum_eugenii",-35.838611,-8.723055
"Megalastrum_eugenii",-35.5,-7.583333
"Megalastrum_eugenii",-35.377421,-7.606449
"Megalastrum_eugenii",-36.421278,-9.244248
"Megalastrum_eugenii",-36.065155,-8.973738
"Megalastrum_eugenii",-39.594807,-7.134249
"Megalastrum_eugenii",-38.910877,-4.305363
"Megalastrum_eugenii",-38.716666,-3.900058
"Megalastrum_indusiatum",-36.065155,-8.973738
"Megalastrum_umbrinum",-35.856236,-8.694218
"Megalastrum_wacketii",-35.838611,-8.723055
"Meniscium_chrysodioides",-35.715556,-8.503889
"Meniscium_chrysodioides",-35.838611,-8.723055
"Meniscium_chrysodioides",-35.5,-7.583333
"Meniscium_chrysodioides",-36.421278,-9.244248
"Meniscium_chrysodioides",-36.065155,-8.973738
"Meniscium_chrysodioides",-36.535186,-10.314661
"Meniscium_chrysodioides",-36.402219,-9.620528
"Meniscium_chrysodioides",-35.716667,-8.921667
"Meniscium_hostmannii",-35.715556,-8.503889
"Meniscium_longifolium",-35.715556,-8.503889
"Meniscium_longifolium",-39.594807,-7.134249
"Meniscium_macrophyllum",-35.715556,-8.503889
"Meniscium_macrophyllum",-35.410025,-8.697033
"Meniscium_macrophyllum",-35.0697,-8.2272
"Meniscium_macrophyllum",-35.838611,-8.723055
"Meniscium_macrophyllum",-35.856236,-8.694218
"Meniscium_macrophyllum",-35.5,-7.583333
"Meniscium_macrophyllum",-35.377421,-7.606449
"Meniscium_macrophyllum",-36.421278,-9.244248
"Meniscium_macrophyllum",-36.065155,-8.973738
"Meniscium_macrophyllum",-35.153053,-7.041188
"Meniscium_serratum",-35.452397,-8.357915
"Meniscium_serratum",-35.754177,-8.14922
"Meniscium_serratum",-35.715556,-8.503889
"Meniscium_serratum",-36.026632,-8.355565
"Meniscium_serratum",-34.949997,-8.00837
"Meniscium_serratum",-34.978479,-8.043289
"Meniscium_serratum",-35.196331,-8.040447
"Meniscium_serratum",-35.320101,-7.633011
"Meniscium_serratum",-36.551135,-8.370991
"Meniscium_serratum",-35.410025,-8.697033
"Meniscium_serratum",-35.0697,-8.2272
"Meniscium_serratum",-34.980653,-8.091551
"Meniscium_serratum",-35.838611,-8.723055
"Meniscium_serratum",-35.856236,-8.694218
"Meniscium_serratum",-36.385599,-8.158646
"Meniscium_serratum",-35.5,-7.583333
"Meniscium_serratum",-35.377421,-7.606449
"Meniscium_serratum",-36.421278,-9.244248
"Meniscium_serratum",-36.065155,-8.973738
"Meniscium_serratum",-35.755556,-9.184722
"Meniscium_serratum",-36.535186,-10.314661
"Meniscium_serratum",-36.402219,-9.620528
"Meniscium_serratum",-36.195446,-9.591378
"Meniscium_serratum",-39.594807,-7.134249
"Meniscium_serratum",-38.910877,-4.305363
"Meniscium_serratum",-40.898008,-3.839339
"Meniscium_serratum",-38.716666,-3.900058
"Meniscium_serratum",-38.633164,-3.983761
"Meniscium_serratum",-35.72,-7.032778
"Meniscium_serratum",-35.691389,-6.963333
"Meniscium_serratum",-35.558223,-6.779224
"Meniscium_serratum",-34.933477,-7.156868
"Meniscium_serratum",-34.861185,-7.146738
"Meniscium_serratum",-35.142056,-6.741861
"Meniscium_serratum",-35.153053,-7.041188
"Metaxya_parkeri",-35.755556,-9.184722
"Metaxya_rostrata",-35.754177,-8.14922
"Metaxya_rostrata",-35.0697,-8.2272
"Metaxya_rostrata",-35.142056,-6.741861
"Metaxya_rostrata",-35.153053,-7.041188
"Mickelia_guianensis",-35.410025,-8.697033
"Mickelia_guianensis",-35.838611,-8.723055
"Mickelia_guianensis",-35.856236,-8.694218
"Mickelia_guianensis",-35.5,-7.583333
"Mickelia_guianensis",-35.377421,-7.606449
"Mickelia_guianensis",-36.065155,-8.973738
"Mickelia_pradoi",-35.838611,-8.723055
"Mickelia_pradoi",-35.856236,-8.694218
"Mickelia_scandens",-35.838611,-8.723055
"Mickelia_scandens",-35.856236,-8.694218
"Mickelia_scandens",-35.5,-7.583333
"Mickelia_scandens",-35.377421,-7.606449
"Mickelia_scandens",-36.421278,-9.244248
"Mickelia_scandens",-36.535186,-10.314661
"Microgramma_crispata",-35.754177,-8.14922
"Microgramma_crispata",-37.240416,-8.581777
"Microgramma_crispata",-38.126388,-9.071888
"Microgramma_crispata",-38.910877,-4.305363
"Microgramma_geminata",-35.754177,-8.14922
"Microgramma_geminata",-35.715556,-8.503889
"Microgramma_geminata",-36.026632,-8.355565
"Microgramma_geminata",-35.196331,-8.040447
"Microgramma_geminata",-35.320101,-7.633011
"Microgramma_geminata",-35.838611,-8.723055
"Microgramma_geminata",-35.856236,-8.694218
"Microgramma_geminata",-36.385599,-8.158646
"Microgramma_geminata",-35.5,-7.583333
"Microgramma_geminata",-35.377421,-7.606449
"Microgramma_geminata",-36.421278,-9.244248
"Microgramma_geminata",-36.065155,-8.973738
"Microgramma_lycopodioides",-35.754177,-8.14922
"Microgramma_lycopodioides",-35.715556,-8.503889
"Microgramma_lycopodioides",-36.026632,-8.355565
"Microgramma_lycopodioides",-35.838611,-8.723055
"Microgramma_lycopodioides",-35.856236,-8.694218
"Microgramma_lycopodioides",-35.5,-7.583333
"Microgramma_lycopodioides",-35.377421,-7.606449
"Microgramma_lycopodioides",-36.421278,-9.244248
"Microgramma_lycopodioides",-36.065155,-8.973738
"Microgramma_lycopodioides",-38.910877,-4.305363
"Microgramma_lycopodioides",-38.716666,-3.900058
"Microgramma_lycopodioides",-40.469167,-3.536667
"Microgramma_lycopodioides",-38.633164,-3.983761
"Microgramma_squamulosa",-35.715556,-8.503889
"Microgramma_squamulosa",-35.838611,-8.723055
"Microgramma_squamulosa",-38.126388,-9.071888
"Microgramma_squamulosa",-35.72,-7.032778
"Microgramma_tecta",-35.838611,-8.723055
"Microgramma_vacciniifolia",-34.978479,-8.043289
"Microgramma_vacciniifolia",-35.196331,-8.040447
"Microgramma_vacciniifolia",-35.320101,-7.633011
"Microgramma_vacciniifolia",-36.551135,-8.370991
"Microgramma_vacciniifolia",-36.750054,-8.300752
"Microgramma_vacciniifolia",-35.184266,-6.085556
"Microgramma_vacciniifolia",-36.065155,-8.973738
"Microlepia_speluncae",-38.716666,-3.900058
"Moranopteris_nana",-35.715556,-8.503889
"Moranopteris_nana",-35.838611,-8.723055
"Moranopteris_nana",-35.856236,-8.694218
"Moranopteris_nana",-36.421278,-9.244248
"Moranopteris_nana",-36.065155,-8.973738
"Moranopteris_nana",-38.716666,-3.900058
"Neoblechnum_brasiliense",-35.715556,-8.503889
"Neoblechnum_brasiliense",-36.026632,-8.355565
"Neoblechnum_brasiliense",-34.949997,-8.00837
"Neoblechnum_brasiliense",-35.196331,-8.040447
"Neoblechnum_brasiliense",-35.320101,-7.633011
"Neoblechnum_brasiliense",-35.0697,-8.2272
"Neoblechnum_brasiliense",-35.838611,-8.723055
"Neoblechnum_brasiliense",-35.856236,-8.694218
"Neoblechnum_brasiliense",-36.385599,-8.158646
"Neoblechnum_brasiliense",-35.5,-7.583333
"Neoblechnum_brasiliense",-35.377421,-7.606449
"Neoblechnum_brasiliense",-35.2691667,-6.3847222
"Neoblechnum_brasiliense",-36.421278,-9.244248
"Neoblechnum_brasiliense",-36.065155,-8.973738
"Neoblechnum_brasiliense",-36.535186,-10.314661
"Neoblechnum_brasiliense",-36.402219,-9.620528
"Neoblechnum_brasiliense",-36.055278,-9.274444
"Neoblechnum_brasiliense",-38.633164,-3.983761
"Neoblechnum_brasiliense",-35.142056,-6.741861
"Neoblechnum_brasiliense",-35.153053,-7.041188
"Nephrolepis_biserrata",-35.452397,-8.357915
"Nephrolepis_biserrata",-35.715556,-8.503889
"Nephrolepis_biserrata",-34.950522,-7.810665
"Nephrolepis_biserrata",-34.949997,-8.00837
"Nephrolepis_biserrata",-34.978479,-8.043289
"Nephrolepis_biserrata",-35.0697,-8.2272
"Nephrolepis_biserrata",-34.980653,-8.091551
"Nephrolepis_biserrata",-35.856236,-8.694218
"Nephrolepis_biserrata",-35.5,-7.583333
"Nephrolepis_biserrata",-35.377421,-7.606449
"Nephrolepis_biserrata",-36.421278,-9.244248
"Nephrolepis_biserrata",-36.065155,-8.973738
"Nephrolepis_biserrata",-38.910877,-4.305363
"Nephrolepis_biserrata",-40.898008,-3.839339
"Nephrolepis_biserrata",-38.716666,-3.900058
"Nephrolepis_biserrata",-35.691389,-6.963333
"Nephrolepis_biserrata",-35.558223,-6.779224
"Nephrolepis_biserrata",-35.142056,-6.741861
"Nephrolepis_biserrata",-35.153053,-7.041188
"Nephrolepis_cordifolia",-34.949997,-8.00837
"Nephrolepis_cordifolia",-35.196331,-8.040447
"Nephrolepis_cordifolia",-38.716666,-3.900058
"Nephrolepis_exaltata",-35.452397,-8.357915
"Nephrolepis_exaltata",-36.026632,-8.355565
"Nephrolepis_exaltata",-34.949997,-8.00837
"Nephrolepis_exaltata",-35.196331,-8.040447
"Nephrolepis_exaltata",-35.044369,-7.560831
"Nephrolepis_exaltata",-35.0697,-8.2272
"Nephrolepis_exaltata",-36.535186,-10.314661
"Nephrolepis_exaltata",-38.910877,-4.305363
"Nephrolepis_exaltata",-40.898008,-3.839339
"Nephrolepis_exaltata",-38.716666,-3.900058
"Nephrolepis_exaltata",-38.633164,-3.983761
"Nephrolepis_exaltata",-35.691389,-6.963333
"Nephrolepis_exaltata",-34.861185,-7.146738
"Nephrolepis_exaltata",-35.142056,-6.741861
"Nephrolepis_pectinata",-35.196331,-8.040447
"Nephrolepis_pendula",-35.838611,-8.723055
"Nephrolepis_rivularis",-35.715556,-8.503889
"Nephrolepis_rivularis",-35.838611,-8.723055
"Nephrolepis_rivularis",-35.377421,-7.606449
"Nephrolepis_rivularis",-36.421278,-9.244248
"Nephrolepis_rivularis",-38.910877,-4.305363
"Nephrolepis_rivularis",-40.898008,-3.839339
"Nephrolepis_rivularis",-38.716666,-3.900058
"Nephrolepis_rivularis",-38.633164,-3.983761
"Niphidium_crassifolium",-36.408567,-8.198383
"Niphidium_crassifolium",-35.754177,-8.14922
"Niphidium_crassifolium",-35.715556,-8.503889
"Niphidium_crassifolium",-36.026632,-8.355565
"Niphidium_crassifolium",-35.856236,-8.694218
"Niphidium_crassifolium",-36.385599,-8.158646
"Niphidium_crassifolium",-36.421278,-9.244248
"Niphidium_crassifolium",-36.065155,-8.973738
"Oleandra_brasiliana",-38.716666,-3.900058
"Olfersia_cervina",-35.838611,-8.723055
"Olfersia_cervina",-35.856236,-8.694218
"Olfersia_cervina",-36.421278,-9.244248
"Olfersia_cervina",-38.910877,-4.305363
"Olfersia_cervina",-38.716666,-3.900058
"Olfersia_cervina",-38.750116,-3.683493
"Ophioglossum_nudicaule",-35.196331,-8.040447
"Ophioglossum_nudicaule",-35.838611,-8.723055
"Ophioglossum_reticulatum",-35.691389,-6.963333
"Palhinhaea_camporum",-35.2691667,-6.3847222
"Palhinhaea_camporum",-36.402219,-9.620528
"Palhinhaea_cernua",-36.010433,-8.391636
"Palhinhaea_cernua",-35.452397,-8.357915
"Palhinhaea_cernua",-35.715556,-8.503889
"Palhinhaea_cernua",-36.026632,-8.355565
"Palhinhaea_cernua",-34.949997,-8.00837
"Palhinhaea_cernua",-34.978479,-8.043289
"Palhinhaea_cernua",-35.410025,-8.697033
"Palhinhaea_cernua",-35.0697,-8.2272
"Palhinhaea_cernua",-34.980653,-8.091551
"Palhinhaea_cernua",-35.838611,-8.723055
"Palhinhaea_cernua",-35.856236,-8.694218
"Palhinhaea_cernua",-36.385599,-8.158646
"Palhinhaea_cernua",-35.5,-7.583333
"Palhinhaea_cernua",-35.184266,-6.085556
"Palhinhaea_cernua",-37.981165,-6.022861
"Palhinhaea_cernua",-35.2691667,-6.3847222
"Palhinhaea_cernua",-36.421278,-9.244248
"Palhinhaea_cernua",-36.065155,-8.973738
"Palhinhaea_cernua",-35.755556,-9.184722
"Palhinhaea_cernua",-36.402219,-9.620528
"Palhinhaea_cernua",-35.570992,-9.096483
"Palhinhaea_cernua",-39.594807,-7.134249
"Palhinhaea_cernua",-38.910877,-4.305363
"Palhinhaea_cernua",-38.716666,-3.900058
"Palhinhaea_cernua",-38.633164,-3.983761
"Palhinhaea_cernua",-35.691389,-6.963333
"Palhinhaea_cernua",-34.861185,-7.146738
"Palhinhaea_cernua",-35.142056,-6.741861
"Parapolystichum_effusum",-38.910877,-4.305363
"Parapolystichum_effusum",-38.716666,-3.900058
"Parapolystichum_effusum",-38.633164,-3.983761
"Pecluma_dulce",-35.838611,-8.723055
"Pecluma_dulce",-35.856236,-8.694218
"Pecluma_dulce",-35.377421,-7.606449
"Pecluma_dulce",-36.065155,-8.973738
"Pecluma_hygrometrica",-35.838611,-8.723055
"Pecluma_hygrometrica",-38.633164,-3.983761
"Pecluma_pectinata",-35.754177,-8.14922
"Pecluma_pectinata",-35.715556,-8.503889
"Pecluma_pectinata",-36.026632,-8.355565
"Pecluma_pectinata",-36.385599,-8.158646
"Pecluma_pectinata",-35.5,-7.583333
"Pecluma_pectinata",-35.755556,-9.184722
"Pecluma_pectinata",-36.535186,-10.314661
"Pecluma_pectinata",-38.910877,-4.305363
"Pecluma_pectinata",-38.716666,-3.900058
"Pecluma_pectinata",-38.633164,-3.983761
"Pecluma_pectinata",-34.933477,-7.156868
"Pecluma_pilosa",-35.856236,-8.694218
"Pecluma_pilosa",-35.2691667,-6.3847222
"Pecluma_pilosa",-36.421278,-9.244248
"Pecluma_pilosa",-36.065155,-8.973738
"Pecluma_plumula",-35.715556,-8.503889
"Pecluma_plumula",-35.838611,-8.723055
"Pecluma_plumula",-36.421278,-9.244248
"Pecluma_plumula",-38.910877,-4.305363
"Pecluma_plumula",-38.633164,-3.983761
"Pecluma_robusta",-35.715556,-8.503889
"Pecluma_robusta",-38.910877,-4.305363
"Pecluma_sicca",-36.535186,-10.314661
"Pecluma_sicca",-36.195446,-9.591378
"Pelazoneuron_patens",-35.838611,-8.723055
"Pelazoneuron_patens",-36.421278,-9.244248
"Pelazoneuron_patens",-36.065155,-8.973738
"Pelazoneuron_patens",-36.402219,-9.620528
"Pelazoneuron_patens",-39.594807,-7.134249
"Pelazoneuron_patens",-38.910877,-4.305363
"Phlebodium_aureum",-36.408567,-8.198383
"Phlebodium_aureum",-35.715556,-8.503889
"Phlebodium_aureum",-36.026632,-8.355565
"Phlebodium_aureum",-34.950522,-7.810665
"Phlebodium_aureum",-38.047351,-8.651907
"Phlebodium_aureum",-35.838611,-8.723055
"Phlebodium_aureum",-35.856236,-8.694218
"Phlebodium_aureum",-36.385599,-8.158646
"Phlebodium_aureum",-35.2691667,-6.3847222
"Phlebodium_aureum",-39.594807,-7.134249
"Phlebodium_aureum",-38.910877,-4.305363
"Phlebodium_aureum",-40.898008,-3.839339
"Phlebodium_aureum",-38.716666,-3.900058
"Phlebodium_aureum",-40.469167,-3.536667
"Phlebodium_decumanum",-35.452397,-8.357915
"Phlebodium_decumanum",-35.715556,-8.503889
"Phlebodium_decumanum",-36.026632,-8.355565
"Phlebodium_decumanum",-34.950522,-7.810665
"Phlebodium_decumanum",-34.949997,-8.00837
"Phlebodium_decumanum",-35.196331,-8.040447
"Phlebodium_decumanum",-36.551135,-8.370991
"Phlebodium_decumanum",-35.044369,-7.560831
"Phlebodium_decumanum",-35.0697,-8.2272
"Phlebodium_decumanum",-35.838611,-8.723055
"Phlebodium_decumanum",-35.856236,-8.694218
"Phlebodium_decumanum",-35.5,-7.583333
"Phlebodium_decumanum",-37.981165,-6.022861
"Phlebodium_decumanum",-35.2691667,-6.3847222
"Phlebodium_decumanum",-36.421278,-9.244248
"Phlebodium_decumanum",-36.065155,-8.973738
"Phlebodium_decumanum",-35.954701,-9.18449
"Phlebodium_decumanum",-36.402219,-9.620528
"Phlebodium_decumanum",-35.570992,-9.096483
"Phlebodium_decumanum",-35.691389,-6.963333
"Phlebodium_decumanum",-35.558223,-6.779224
"Phlebodium_decumanum",-34.933477,-7.156868
"Phlebodium_decumanum",-34.861185,-7.146738
"Phlebodium_decumanum",-35.142056,-6.741861
"Phlebodium_decumanum",-35.153053,-7.041188
"Phlebodium_pseudoaureum",-36.010433,-8.391636
"Phlebodium_pseudoaureum",-36.408567,-8.198383
"Phlebodium_pseudoaureum",-35.754177,-8.14922
"Phlebodium_pseudoaureum",-35.715556,-8.503889
"Phlebodium_pseudoaureum",-36.026632,-8.355565
"Phlebodium_pseudoaureum",-36.551135,-8.370991
"Phlebodium_pseudoaureum",-35.838611,-8.723055
"Phlebodium_pseudoaureum",-35.856236,-8.694218
"Phlebodium_pseudoaureum",-36.385599,-8.158646
"Phlebodium_pseudoaureum",-36.016667,-7.900278
"Phlebodium_pseudoaureum",-35.2691667,-6.3847222
"Phlebodium_pseudoaureum",-36.421278,-9.244248
"Phlebodium_pseudoaureum",-36.065155,-8.973738
"Phlebodium_pseudoaureum",-38.910877,-4.305363
"Phlebodium_pseudoaureum",-35.691389,-6.963333
"Phlegmariurus_christii",-36.016667,-7.900278
"Phlegmariurus_flexibilis",-35.715556,-8.503889
"Phlegmariurus_flexibilis",-36.026632,-8.355565
"Phlegmariurus_flexibilis",-35.0697,-8.2272
"Phlegmariurus_flexibilis",-36.016667,-7.900278
"Phlegmariurus_flexibilis",-38.716666,-3.900058
"Phlegmariurus_linifolius",-36.016667,-7.900278
"Phlegmariurus_mandiocanus",-35.5,-7.583333
"Phlegmariurus_mandiocanus",-36.421278,-9.244248
"Phlegmariurus_martii",-36.026632,-8.355565
"Phlegmariurus_taxifolius",-35.715556,-8.503889
"Phlegmariurus_taxifolius",-36.016667,-7.900278
"Phlegmariurus_taxifolius",-38.910877,-4.305363
"Pityrogramma_calomelanos",-35.452397,-8.357915
"Pityrogramma_calomelanos",-35.715556,-8.503889
"Pityrogramma_calomelanos",-36.026632,-8.355565
"Pityrogramma_calomelanos",-37.240416,-8.581777
"Pityrogramma_calomelanos",-34.950522,-7.810665
"Pityrogramma_calomelanos",-34.949997,-8.00837
"Pityrogramma_calomelanos",-36.551135,-8.370991
"Pityrogramma_calomelanos",-35.410025,-8.697033
"Pityrogramma_calomelanos",-35.0697,-8.2272
"Pityrogramma_calomelanos",-34.980653,-8.091551
"Pityrogramma_calomelanos",-35.838611,-8.723055
"Pityrogramma_calomelanos",-35.856236,-8.694218
"Pityrogramma_calomelanos",-36.385599,-8.158646
"Pityrogramma_calomelanos",-35.5,-7.583333
"Pityrogramma_calomelanos",-38.126388,-9.071888
"Pityrogramma_calomelanos",-35.377421,-7.606449
"Pityrogramma_calomelanos",-35.370278,-5.881667
"Pityrogramma_calomelanos",-35.184266,-6.085556
"Pityrogramma_calomelanos",-35.2691667,-6.3847222
"Pityrogramma_calomelanos",-36.421278,-9.244248
"Pityrogramma_calomelanos",-36.065155,-8.973738
"Pityrogramma_calomelanos",-35.755556,-9.184722
"Pityrogramma_calomelanos",-36.535186,-10.314661
"Pityrogramma_calomelanos",-35.954701,-9.18449
"Pityrogramma_calomelanos",-36.402219,-9.620528
"Pityrogramma_calomelanos",-39.594807,-7.134249
"Pityrogramma_calomelanos",-38.910877,-4.305363
"Pityrogramma_calomelanos",-40.898008,-3.839339
"Pityrogramma_calomelanos",-38.716666,-3.900058
"Pityrogramma_calomelanos",-38.633164,-3.983761
"Pityrogramma_calomelanos",-35.72,-7.032778
"Pityrogramma_calomelanos",-35.691389,-6.963333
"Pityrogramma_calomelanos",-35.558223,-6.779224
"Pityrogramma_calomelanos",-34.861185,-7.146738
"Pityrogramma_calomelanos",-35.142056,-6.741861
"Pityrogramma_calomelanos",-35.153053,-7.041188
"Pleopeltis_astrolepis",-35.452397,-8.357915
"Pleopeltis_astrolepis",-35.754177,-8.14922
"Pleopeltis_astrolepis",-35.715556,-8.503889
"Pleopeltis_astrolepis",-36.026632,-8.355565
"Pleopeltis_astrolepis",-34.949997,-8.00837
"Pleopeltis_astrolepis",-35.196331,-8.040447
"Pleopeltis_astrolepis",-35.320101,-7.633011
"Pleopeltis_astrolepis",-36.551135,-8.370991
"Pleopeltis_astrolepis",-38.047351,-8.651907
"Pleopeltis_astrolepis",-35.0697,-8.2272
"Pleopeltis_astrolepis",-35.838611,-8.723055
"Pleopeltis_astrolepis",-35.856236,-8.694218
"Pleopeltis_astrolepis",-36.385599,-8.158646
"Pleopeltis_astrolepis",-35.5,-7.583333
"Pleopeltis_astrolepis",-38.126388,-9.071888
"Pleopeltis_astrolepis",-35.377421,-7.606449
"Pleopeltis_astrolepis",-35.2691667,-6.3847222
"Pleopeltis_astrolepis",-36.421278,-9.244248
"Pleopeltis_astrolepis",-36.065155,-8.973738
"Pleopeltis_astrolepis",-36.535186,-10.314661
"Pleopeltis_astrolepis",-35.954701,-9.18449
"Pleopeltis_astrolepis",-36.402219,-9.620528
"Pleopeltis_astrolepis",-35.570992,-9.096483
"Pleopeltis_astrolepis",-38.910877,-4.305363
"Pleopeltis_astrolepis",-40.898008,-3.839339
"Pleopeltis_astrolepis",-38.716666,-3.900058
"Pleopeltis_astrolepis",-35.691389,-6.963333
"Pleopeltis_astrolepis",-35.558223,-6.779224
"Pleopeltis_burchellii",-36.96475,-8.44275
"Pleopeltis_burchellii",-37.240416,-8.581777
"Pleopeltis_burchellii",-35.320101,-7.633011
"Pleopeltis_burchellii",-36.016667,-7.900278
"Pleopeltis_burchellii",-38.910877,-4.305363
"Pleopeltis_burchellii",-40.469167,-3.536667
"Pleopeltis_burchellii",-35.691389,-6.963333
"Pleopeltis_desvauxii",-35.715556,-8.503889
"Pleopeltis_desvauxii",-36.026632,-8.355565
"Pleopeltis_desvauxii",-34.949997,-8.00837
"Pleopeltis_desvauxii",-35.410025,-8.697033
"Pleopeltis_desvauxii",-35.0697,-8.2272
"Pleopeltis_desvauxii",-35.838611,-8.723055
"Pleopeltis_desvauxii",-35.856236,-8.694218
"Pleopeltis_desvauxii",-35.5,-7.583333
"Pleopeltis_desvauxii",-36.016667,-7.900278
"Pleopeltis_desvauxii",-35.2691667,-6.3847222
"Pleopeltis_desvauxii",-36.421278,-9.244248
"Pleopeltis_desvauxii",-36.535186,-10.314661
"Pleopeltis_desvauxii",-35.954701,-9.18449
"Pleopeltis_desvauxii",-36.402219,-9.620528
"Pleopeltis_desvauxii",-36.195446,-9.591378
"Pleopeltis_desvauxii",-36.055278,-9.274444
"Pleopeltis_desvauxii",-38.716666,-3.900058
"Pleopeltis_desvauxii",-38.633164,-3.983761
"Pleopeltis_furcata",-35.715556,-8.503889
"Pleopeltis_furcata",-36.026632,-8.355565
"Pleopeltis_furcata",-35.196331,-8.040447
"Pleopeltis_furcata",-35.320101,-7.633011
"Pleopeltis_furcata",-35.838611,-8.723055
"Pleopeltis_furcata",-35.856236,-8.694218
"Pleopeltis_furcata",-35.5,-7.583333
"Pleopeltis_furcata",-36.016667,-7.900278
"Pleopeltis_furcata",-35.377421,-7.606449
"Pleopeltis_furcata",-36.421278,-9.244248
"Pleopeltis_furcata",-36.065155,-8.973738
"Pleopeltis_gyroflexa",-35.452397,-8.357915
"Pleopeltis_gyroflexa",-35.754177,-8.14922
"Pleopeltis_gyroflexa",-35.715556,-8.503889
"Pleopeltis_gyroflexa",-36.026632,-8.355565
"Pleopeltis_gyroflexa",-35.196331,-8.040447
"Pleopeltis_gyroflexa",-35.320101,-7.633011
"Pleopeltis_gyroflexa",-35.838611,-8.723055
"Pleopeltis_gyroflexa",-36.421278,-9.244248
"Pleopeltis_gyroflexa",-36.065155,-8.973738
"Pleopeltis_gyroflexa",-36.535186,-10.314661
"Pleopeltis_gyroflexa",-36.402219,-9.620528
"Pleopeltis_gyroflexa",-36.055278,-9.274444
"Pleopeltis_gyroflexa",-38.910877,-4.305363
"Pleopeltis_gyroflexa",-40.898008,-3.839339
"Pleopeltis_gyroflexa",-38.716666,-3.900058
"Pleopeltis_gyroflexa",-40.469167,-3.536667
"Pleopeltis_gyroflexa",-38.633164,-3.983761
"Pleopeltis_gyroflexa",-38.750116,-3.683493
"Pleopeltis_gyroflexa",-35.691389,-6.963333
"Pleopeltis_gyroflexa",-35.558223,-6.779224
"Pleopeltis_hirsutissima",-35.754177,-8.14922
"Pleopeltis_hirsutissima",-37.240416,-8.581777
"Pleopeltis_hirsutissima",-35.196331,-8.040447
"Pleopeltis_hirsutissima",-38.047351,-8.651907
"Pleopeltis_hirsutissima",-35.838611,-8.723055
"Pleopeltis_hirsutissima",-35.856236,-8.694218
"Pleopeltis_hirsutissima",-36.385599,-8.158646
"Pleopeltis_hirsutissima",-38.126388,-9.071888
"Pleopeltis_hirsutissima",-36.016667,-7.900278
"Pleopeltis_hirsutissima",-38.055527,-7.822722
"Pleopeltis_hirsutissima",-35.2691667,-6.3847222
"Pleopeltis_minima",-38.055527,-7.822722
"Pleopeltis_minima",-39.594807,-7.134249
"Pleopeltis_minima",-35.558223,-6.779224
"Pleopeltis_monoides",-35.838611,-8.723055
"Pleopeltis_monoides",-35.856236,-8.694218
"Pleopeltis_pleopeltidis",-38.047351,-8.651907
"Pleopeltis_pleopeltidis",-38.055527,-7.822722
"Pleopeltis_pleopeltifolia",-35.754177,-8.14922
"Pleopeltis_pleopeltifolia",-38.047351,-8.651907
"Pleopeltis_pleopeltifolia",-38.126388,-9.071888
"Pleopeltis_pleopeltifolia",-36.016667,-7.900278
"Polybotrya_cylindrica",-35.452397,-8.357915
"Polybotrya_cylindrica",-35.754177,-8.14922
"Polybotrya_cylindrica",-35.715556,-8.503889
"Polybotrya_cylindrica",-35.838611,-8.723055
"Polybotrya_cylindrica",-35.856236,-8.694218
"Polybotrya_cylindrica",-35.5,-7.583333
"Polybotrya_cylindrica",-35.377421,-7.606449
"Polybotrya_cylindrica",-36.421278,-9.244248
"Polybotrya_cylindrica",-36.065155,-8.973738
"Polybotrya_cylindrica",-38.716666,-3.900058
"Polybotrya_osmundacea",-35.715556,-8.503889
"Polybotrya_osmundacea",-35.838611,-8.723055
"Polybotrya_osmundacea",-35.856236,-8.694218
"Polybotrya_osmundacea",-38.716666,-3.900058
"Polybotrya_sorbifolia",-35.838611,-8.723055
"Polybotrya_sorbifolia",-36.421278,-9.244248
"Polytaenium_cajenense",-35.838611,-8.723055
"Polytaenium_cajenense",-35.856236,-8.694218
"Polytaenium_cajenense",-35.377421,-7.606449
"Polytaenium_cajenense",-36.421278,-9.244248
"Polytaenium_cajenense",-36.065155,-8.973738
"Polytaenium_citrifolium",-35.410025,-8.697033
"Polytaenium_citrifolium",-35.0697,-8.2272
"Polytaenium_citrifolium",-35.377421,-7.606449
"Polytaenium_citrifolium",-36.421278,-9.244248
"Polytaenium_citrifolium",-36.065155,-8.973738
"Pseudolycopodiella_meridionalis",-37.981165,-6.022861
"Pseudolycopodiella_meridionalis",-35.142056,-6.741861
"Psilotum_nudum",-34.949997,-8.00837
"Psilotum_nudum",-35.184266,-6.085556
"Psilotum_nudum",-38.716666,-3.900058
"Pteridium_caudatum",-34.950522,-7.810665
"Pteridium_caudatum",-35.044369,-7.560831
"Pteridium_caudatum",-35.377421,-7.606449
"Pteridium_caudatum",-38.716666,-3.900058
"Pteridium_caudatum",-35.142056,-6.741861
"Pteridium_esculentum",-35.754177,-8.14922
"Pteridium_esculentum",-35.715556,-8.503889
"Pteridium_esculentum",-36.026632,-8.355565
"Pteridium_esculentum",-35.838611,-8.723055
"Pteridium_esculentum",-35.856236,-8.694218
"Pteridium_esculentum",-36.385599,-8.158646
"Pteridium_esculentum",-35.5,-7.583333
"Pteridium_esculentum",-36.421278,-9.244248
"Pteridium_esculentum",-36.065155,-8.973738
"Pteridium_esculentum",-35.755556,-9.184722
"Pteridium_esculentum",-36.535186,-10.314661
"Pteridium_esculentum",-38.910877,-4.305363
"Pteridium_esculentum",-38.716666,-3.900058
"Pteridium_esculentum",-35.691389,-6.963333
"Pteris_altissima",-36.421278,-9.244248
"Pteris_altissima",-36.065155,-8.973738
"Pteris_biaurita",-35.715556,-8.503889
"Pteris_biaurita",-35.196331,-8.040447
"Pteris_biaurita",-35.838611,-8.723055
"Pteris_biaurita",-35.856236,-8.694218
"Pteris_biaurita",-35.5,-7.583333
"Pteris_biaurita",-35.377421,-7.606449
"Pteris_biaurita",-36.421278,-9.244248
"Pteris_biaurita",-36.065155,-8.973738
"Pteris_biaurita",-36.535186,-10.314661
"Pteris_biaurita",-38.910877,-4.305363
"Pteris_biaurita",-40.898008,-3.839339
"Pteris_biaurita",-38.633164,-3.983761
"Pteris_biaurita",-35.691389,-6.963333
"Pteris_brasiliensis",-36.026632,-8.355565
"Pteris_brasiliensis",-35.838611,-8.723055
"Pteris_brasiliensis",-36.385599,-8.158646
"Pteris_brasiliensis",-35.5,-7.583333
"Pteris_brasiliensis",-36.016667,-7.900278
"Pteris_brasiliensis",-35.377421,-7.606449
"Pteris_brasiliensis",-36.421278,-9.244248
"Pteris_brasiliensis",-36.065155,-8.973738
"Pteris_brasiliensis",-36.535186,-10.314661
"Pteris_brasiliensis",-38.716666,-3.900058
"Pteris_brasiliensis",-38.633164,-3.983761
"Pteris_denticulata",-36.026632,-8.355565
"Pteris_denticulata",-35.196331,-8.040447
"Pteris_denticulata",-35.320101,-7.633011
"Pteris_denticulata",-36.551135,-8.370991
"Pteris_denticulata",-35.0697,-8.2272
"Pteris_denticulata",-35.838611,-8.723055
"Pteris_denticulata",-35.856236,-8.694218
"Pteris_denticulata",-36.385599,-8.158646
"Pteris_denticulata",-35.5,-7.583333
"Pteris_denticulata",-35.377421,-7.606449
"Pteris_denticulata",-36.421278,-9.244248
"Pteris_denticulata",-36.065155,-8.973738
"Pteris_denticulata",-36.535186,-10.314661
"Pteris_denticulata",-38.910877,-4.305363
"Pteris_denticulata",-38.716666,-3.900058
"Pteris_denticulata",-38.633164,-3.983761
"Pteris_denticulata",-35.691389,-6.963333
"Pteris_denticulata",-35.558223,-6.779224
"Pteris_denticulata",-35.6229,-7.0396
"Pteris_denticulata",-35.153053,-7.041188
"Pteris_leptophylla",-35.196331,-8.040447
"Pteris_leptophylla",-35.320101,-7.633011
"Pteris_leptophylla",-36.385599,-8.158646
"Pteris_leptophylla",-35.5,-7.583333
"Pteris_leptophylla",-36.016667,-7.900278
"Pteris_multifida",-35.0697,-8.2272
"Pteris_propinqua",-38.047351,-8.651907
"Pteris_propinqua",-36.195446,-9.591378
"Pteris_quadriaurita",-38.633164,-3.983761
"Pteris_schwackeana",-36.026632,-8.355565
"Pteris_splendens",-36.385599,-8.158646
"Pteris_splendens",-38.910877,-4.305363
"Pteris_tripartita",-36.535186,-10.314661
"Pteris_vittata",-36.026632,-8.355565
"Pteris_vittata",-34.949997,-8.00837
"Pteris_vittata",-34.978479,-8.043289
"Pteris_vittata",-34.980653,-8.091551
"Pteris_vittata",-38.055527,-7.822722
"Pteris_vittata",-37.981165,-6.022861
"Pteris_vittata",-36.065155,-8.973738
"Pteris_vittata",-36.535186,-10.314661
"Pteris_vittata",-35.691389,-6.963333
"Rumohra_adiantiformis",-35.838611,-8.723055
"Rumohra_adiantiformis",-36.016667,-7.900278
"Rumohra_adiantiformis",-35.377421,-7.606449
"Rumohra_adiantiformis",-38.910877,-4.305363
"Rumohra_adiantiformis",-38.716666,-3.900058
"Saccoloma_elegans",-36.026632,-8.355565
"Saccoloma_elegans",-35.410025,-8.697033
"Saccoloma_elegans",-35.0697,-8.2272
"Saccoloma_elegans",-35.838611,-8.723055
"Saccoloma_elegans",-35.856236,-8.694218
"Saccoloma_elegans",-35.5,-7.583333
"Saccoloma_elegans",-36.421278,-9.244248
"Saccoloma_elegans",-36.065155,-8.973738
"Saccoloma_elegans",-36.402219,-9.620528
"Saccoloma_inaequale",-35.838611,-8.723055
"Saccoloma_inaequale",-36.421278,-9.244248
"Salpichlaena_volubilis",-35.715556,-8.503889
"Salpichlaena_volubilis",-34.950522,-7.810665
"Salpichlaena_volubilis",-35.838611,-8.723055
"Salpichlaena_volubilis",-35.856236,-8.694218
"Salpichlaena_volubilis",-35.5,-7.583333
"Salpichlaena_volubilis",-35.377421,-7.606449
"Salpichlaena_volubilis",-35.2691667,-6.3847222
"Salpichlaena_volubilis",-36.421278,-9.244248
"Salpichlaena_volubilis",-36.065155,-8.973738
"Salpichlaena_volubilis",-36.535186,-10.314661
"Salpichlaena_volubilis",-35.570992,-9.096483
"Salpichlaena_volubilis",-39.594807,-7.134249
"Salpichlaena_volubilis",-35.142056,-6.741861
"Salpichlaena_volubilis",-35.153053,-7.041188
"Salvinia_auriculata",-36.010433,-8.391636
"Salvinia_auriculata",-35.452397,-8.357915
"Salvinia_auriculata",-36.026632,-8.355565
"Salvinia_auriculata",-34.949997,-8.00837
"Salvinia_auriculata",-34.978479,-8.043289
"Salvinia_auriculata",-35.196331,-8.040447
"Salvinia_auriculata",-35.0697,-8.2272
"Salvinia_auriculata",-35.377421,-7.606449
"Salvinia_auriculata",-35.184266,-6.085556
"Salvinia_auriculata",-36.421278,-9.244248
"Salvinia_auriculata",-35.755556,-9.184722
"Salvinia_auriculata",-36.535186,-10.314661
"Salvinia_auriculata",-35.954701,-9.18449
"Salvinia_auriculata",-36.402219,-9.620528
"Salvinia_auriculata",-39.594807,-7.134249
"Salvinia_auriculata",-38.910877,-4.305363
"Salvinia_auriculata",-38.716666,-3.900058
"Salvinia_auriculata",-40.469167,-3.536667
"Salvinia_auriculata",-38.633164,-3.983761
"Salvinia_auriculata",-38.750116,-3.683493
"Salvinia_auriculata",-35.691389,-6.963333
"Salvinia_auriculata",-34.933477,-7.156868
"Salvinia_auriculata",-34.861185,-7.146738
"Salvinia_auriculata",-35.142056,-6.741861
"Salvinia_auriculata",-35.153053,-7.041188
"Salvinia_biloba",-35.196331,-8.040447
"Salvinia_biloba",-39.594807,-7.134249
"Salvinia_minima",-36.026632,-8.355565
"Salvinia_minima",-34.949997,-8.00837
"Salvinia_minima",-35.196331,-8.040447
"Salvinia_minima",-34.861185,-7.146738
"Salvinia_oblongifolia",-36.96475,-8.44275
"Salvinia_oblongifolia",-39.594807,-7.134249
"Schizaea_elegans",-35.715556,-8.503889
"Schizaea_elegans",-36.026632,-8.355565
"Schizaea_elegans",-35.838611,-8.723055
"Schizaea_elegans",-35.377421,-7.606449
"Schizaea_elegans",-35.2691667,-6.3847222
"Schizaea_elegans",-36.421278,-9.244248
"Schizaea_elegans",-36.065155,-8.973738
"Schizaea_elegans",-36.055278,-9.274444
"Selaginella_conduplicata",-38.716666,-3.900058
"Selaginella_conduplicata",-38.633164,-3.983761
"Selaginella_convoluta",-37.240416,-8.581777
"Selaginella_convoluta",-35.196331,-8.040447
"Selaginella_convoluta",-38.047351,-8.651907
"Selaginella_convoluta",-35.838611,-8.723055
"Selaginella_convoluta",-38.126388,-9.071888
"Selaginella_convoluta",-35.377421,-7.606449
"Selaginella_convoluta",-38.055527,-7.822722
"Selaginella_convoluta",-39.594807,-7.134249
"Selaginella_decomposita",-36.026632,-8.355565
"Selaginella_erythropus",-35.370278,-5.881667
"Selaginella_erythropus",-39.594807,-7.134249
"Selaginella_erythropus",-38.910877,-4.305363
"Selaginella_erythropus",-40.898008,-3.839339
"Selaginella_erythropus",-38.716666,-3.900058
"Selaginella_erythropus",-40.469167,-3.536667
"Selaginella_erythropus",-38.633164,-3.983761
"Selaginella_flexuosa",-35.838611,-8.723055
"Selaginella_muscosa",-35.715556,-8.503889
"Selaginella_muscosa",-37.240416,-8.581777
"Selaginella_muscosa",-35.196331,-8.040447
"Selaginella_muscosa",-35.0697,-8.2272
"Selaginella_muscosa",-35.838611,-8.723055
"Selaginella_muscosa",-35.856236,-8.694218
"Selaginella_muscosa",-36.385599,-8.158646
"Selaginella_muscosa",-35.5,-7.583333
"Selaginella_muscosa",-35.377421,-7.606449
"Selaginella_muscosa",-35.2691667,-6.3847222
"Selaginella_muscosa",-36.421278,-9.244248
"Selaginella_muscosa",-38.910877,-4.305363
"Selaginella_muscosa",-38.716666,-3.900058
"Selaginella_muscosa",-38.633164,-3.983761
"Selaginella_muscosa",-35.6229,-7.0396
"Selaginella_pellucidopunctata",-35.715556,-8.503889
"Selaginella_pellucidopunctata",-35.838611,-8.723055
"Selaginella_pellucidopunctata",-35.856236,-8.694218
"Selaginella_pellucidopunctata",-36.385599,-8.158646
"Selaginella_pellucidopunctata",-35.5,-7.583333
"Selaginella_pellucidopunctata",-35.377421,-7.606449
"Selaginella_pellucidopunctata",-36.421278,-9.244248
"Selaginella_pellucidopunctata",-38.716666,-3.900058
"Selaginella_pellucidopunctata",-38.750116,-3.683493
"Selaginella_producta",-35.715556,-8.503889
"Selaginella_producta",-36.026632,-8.355565
"Selaginella_producta",-34.950522,-7.810665
"Selaginella_producta",-34.949997,-8.00837
"Selaginella_producta",-34.978479,-8.043289
"Selaginella_producta",-35.196331,-8.040447
"Selaginella_producta",-35.0697,-8.2272
"Selaginella_producta",-34.980653,-8.091551
"Selaginella_producta",-35.838611,-8.723055
"Selaginella_producta",-35.856236,-8.694218
"Selaginella_producta",-35.377421,-7.606449
"Selaginella_producta",-36.421278,-9.244248
"Selaginella_producta",-36.065155,-8.973738
"Selaginella_producta",-36.402219,-9.620528
"Selaginella_producta",-35.716667,-8.921667
"Selaginella_sellowii",-38.047351,-8.651907
"Selaginella_simplex",-35.838611,-8.723055
"Selaginella_simplex",-35.558223,-6.779224
"Selaginella_sulcata",-36.026632,-8.355565
"Selaginella_sulcata",-35.196331,-8.040447
"Selaginella_sulcata",-35.856236,-8.694218
"Selaginella_sulcata",-35.377421,-7.606449
"Selaginella_sulcata",-36.421278,-9.244248
"Selaginella_sulcata",-36.402219,-9.620528
"Selaginella_sulcata",-38.910877,-4.305363
"Selaginella_sulcata",-38.716666,-3.900058
"Selaginella_sulcata",-38.633164,-3.983761
"Selaginella_sulcata",-35.691389,-6.963333
"Selaginella_sulcata",-35.558223,-6.779224
"Selaginella_sulcata",-35.6229,-7.0396
"Serpocaulon_catharinae",-35.452397,-8.357915
"Serpocaulon_catharinae",-35.715556,-8.503889
"Serpocaulon_catharinae",-36.026632,-8.355565
"Serpocaulon_catharinae",-35.838611,-8.723055
"Serpocaulon_catharinae",-35.856236,-8.694218
"Serpocaulon_catharinae",-36.016667,-7.900278
"Serpocaulon_catharinae",-35.2691667,-6.3847222
"Serpocaulon_catharinae",-36.421278,-9.244248
"Serpocaulon_catharinae",-36.065155,-8.973738
"Serpocaulon_catharinae",-36.402219,-9.620528
"Serpocaulon_catharinae",-36.055278,-9.274444
"Serpocaulon_catharinae",-35.691389,-6.963333
"Serpocaulon_fraxinifolium",-36.010433,-8.391636
"Serpocaulon_fraxinifolium",-35.715556,-8.503889
"Serpocaulon_fraxinifolium",-36.026632,-8.355565
"Serpocaulon_fraxinifolium",-35.410025,-8.697033
"Serpocaulon_fraxinifolium",-35.838611,-8.723055
"Serpocaulon_fraxinifolium",-35.5,-7.583333
"Serpocaulon_fraxinifolium",-36.016667,-7.900278
"Serpocaulon_fraxinifolium",-38.716666,-3.900058
"Serpocaulon_fraxinifolium",-38.633164,-3.983761
"Serpocaulon_fraxinifolium",-38.750116,-3.683493
"Serpocaulon_menisciifolium",-35.715556,-8.503889
"Serpocaulon_menisciifolium",-35.856236,-8.694218
"Serpocaulon_richardii",-35.715556,-8.503889
"Serpocaulon_richardii",-35.5,-7.583333
"Serpocaulon_triseriale",-35.452397,-8.357915
"Serpocaulon_triseriale",-35.754177,-8.14922
"Serpocaulon_triseriale",-35.715556,-8.503889
"Serpocaulon_triseriale",-36.026632,-8.355565
"Serpocaulon_triseriale",-37.240416,-8.581777
"Serpocaulon_triseriale",-34.949997,-8.00837
"Serpocaulon_triseriale",-35.196331,-8.040447
"Serpocaulon_triseriale",-35.320101,-7.633011
"Serpocaulon_triseriale",-35.044369,-7.560831
"Serpocaulon_triseriale",-35.0697,-8.2272
"Serpocaulon_triseriale",-34.980653,-8.091551
"Serpocaulon_triseriale",-35.838611,-8.723055
"Serpocaulon_triseriale",-35.856236,-8.694218
"Serpocaulon_triseriale",-36.385599,-8.158646
"Serpocaulon_triseriale",-35.5,-7.583333
"Serpocaulon_triseriale",-38.126388,-9.071888
"Serpocaulon_triseriale",-36.016667,-7.900278
"Serpocaulon_triseriale",-35.377421,-7.606449
"Serpocaulon_triseriale",-35.2691667,-6.3847222
"Serpocaulon_triseriale",-36.421278,-9.244248
"Serpocaulon_triseriale",-36.065155,-8.973738
"Serpocaulon_triseriale",-35.755556,-9.184722
"Serpocaulon_triseriale",-36.535186,-10.314661
"Serpocaulon_triseriale",-36.402219,-9.620528
"Serpocaulon_triseriale",-35.570992,-9.096483
"Serpocaulon_triseriale",-38.910877,-4.305363
"Serpocaulon_triseriale",-40.898008,-3.839339
"Serpocaulon_triseriale",-38.716666,-3.900058
"Serpocaulon_triseriale",-40.469167,-3.536667
"Serpocaulon_triseriale",-38.633164,-3.983761
"Serpocaulon_triseriale",-38.750116,-3.683493
"Serpocaulon_triseriale",-35.691389,-6.963333
"Serpocaulon_triseriale",-35.558223,-6.779224
"Serpocaulon_triseriale",-34.933477,-7.156868
"Serpocaulon_triseriale",-34.861185,-7.146738
"Serpocaulon_triseriale",-35.142056,-6.741861
"Steiropteris_decussata",-35.715556,-8.503889
"Steiropteris_leprieurii",-35.838611,-8.723055
"Steiropteris_leprieurii",-35.856236,-8.694218
"Steiropteris_leprieurii",-36.065155,-8.973738
"Steiropteris_mexiae",-35.838611,-8.723055
"Steiropteris_polypodioides",-35.715556,-8.503889
"Steiropteris_polypodioides",-36.026632,-8.355565
"Steiropteris_polypodioides",-35.410025,-8.697033
"Steiropteris_polypodioides",-35.838611,-8.723055
"Steiropteris_polypodioides",-35.856236,-8.694218
"Steiropteris_polypodioides",-35.5,-7.583333
"Steiropteris_polypodioides",-35.377421,-7.606449
"Steiropteris_polypodioides",-36.421278,-9.244248
"Steiropteris_polypodioides",-36.065155,-8.973738
"Stenogrammitis_limula",-38.716666,-3.900058
"Sticherus_bifidus",-38.716666,-3.900058
"Stigmatopteris_heterocarpa",-36.065155,-8.973738
"Stigmatopteris_heterocarpa",-38.716666,-3.900058
"Stigmatopteris_prionites",-35.5,-7.583333
"Tectaria_incisa",-35.196331,-8.040447
"Tectaria_incisa",-35.410025,-8.697033
"Tectaria_incisa",-35.838611,-8.723055
"Tectaria_incisa",-35.856236,-8.694218
"Tectaria_incisa",-35.377421,-7.606449
"Tectaria_incisa",-36.421278,-9.244248
"Tectaria_incisa",-36.065155,-8.973738
"Tectaria_incisa",-36.535186,-10.314661
"Tectaria_incisa",-38.910877,-4.305363
"Tectaria_incisa",-40.898008,-3.839339
"Tectaria_incisa",-38.716666,-3.900058
"Tectaria_incisa",-38.633164,-3.983761
"Tectaria_incisa",-38.750116,-3.683493
"Telmatoblechnum_serrulatum",-35.715556,-8.503889
"Telmatoblechnum_serrulatum",-37.240416,-8.581777
"Telmatoblechnum_serrulatum",-34.950522,-7.810665
"Telmatoblechnum_serrulatum",-34.949997,-8.00837
"Telmatoblechnum_serrulatum",-35.196331,-8.040447
"Telmatoblechnum_serrulatum",-35.320101,-7.633011
"Telmatoblechnum_serrulatum",-36.551135,-8.370991
"Telmatoblechnum_serrulatum",-35.044369,-7.560831
"Telmatoblechnum_serrulatum",-35.0697,-8.2272
"Telmatoblechnum_serrulatum",-34.980653,-8.091551
"Telmatoblechnum_serrulatum",-35.856236,-8.694218
"Telmatoblechnum_serrulatum",-35.5,-7.583333
"Telmatoblechnum_serrulatum",-35.377421,-7.606449
"Telmatoblechnum_serrulatum",-35.184266,-6.085556
"Telmatoblechnum_serrulatum",-37.981165,-6.022861
"Telmatoblechnum_serrulatum",-35.2691667,-6.3847222
"Telmatoblechnum_serrulatum",-36.065155,-8.973738
"Telmatoblechnum_serrulatum",-35.755556,-9.184722
"Telmatoblechnum_serrulatum",-38.716666,-3.900058
"Telmatoblechnum_serrulatum",-34.933477,-7.156868
"Telmatoblechnum_serrulatum",-34.861185,-7.146738
"Telmatoblechnum_serrulatum",-35.142056,-6.741861
"Trichomanes_arbuscula",-35.838611,-8.723055
"Trichomanes_arbuscula",-35.856236,-8.694218
"Trichomanes_crispum",-38.716666,-3.900058
"Trichomanes_crispum",-38.633164,-3.983761
"Trichomanes_crispum",-38.750116,-3.683493
"Trichomanes_cristatum",-35.044369,-7.560831
"Trichomanes_cristatum",-39.594807,-7.134249
"Trichomanes_pedicellatum",-35.0697,-8.2272
"Trichomanes_pedicellatum",-36.065155,-8.973738
"Trichomanes_pilosum",-37.240416,-8.581777
"Trichomanes_pinnatum",-35.452397,-8.357915
"Trichomanes_pinnatum",-36.026632,-8.355565
"Trichomanes_pinnatum",-34.949997,-8.00837
"Trichomanes_pinnatum",-34.978479,-8.043289
"Trichomanes_pinnatum",-35.320101,-7.633011
"Trichomanes_pinnatum",-35.410025,-8.697033
"Trichomanes_pinnatum",-35.0697,-8.2272
"Trichomanes_pinnatum",-34.980653,-8.091551
"Trichomanes_pinnatum",-35.838611,-8.723055
"Trichomanes_pinnatum",-35.377421,-7.606449
"Trichomanes_pinnatum",-36.421278,-9.244248
"Trichomanes_pinnatum",-36.065155,-8.973738
"Trichomanes_pinnatum",-35.755556,-9.184722
"Trichomanes_pinnatum",-36.535186,-10.314661
"Trichomanes_pinnatum",-36.402219,-9.620528
"Trichomanes_pinnatum",-36.055278,-9.274444
"Trichomanes_pinnatum",-39.594807,-7.134249
"Trichomanes_pinnatum",-35.142056,-6.741861
"Trichomanes_pinnatum",-35.153053,-7.041188
"Trichomanes_polypodioides",-35.856236,-8.694218
"Trichomanes_robustum",-38.716666,-3.900058
"Triplophyllum_boliviense",-35.856236,-8.694218
"Triplophyllum_boliviense",-35.5,-7.583333
"Triplophyllum_boliviense",-36.065155,-8.973738
"Triplophyllum_boliviense",-35.716667,-8.921667
"Triplophyllum_boliviense",-35.153053,-7.041188
"Triplophyllum_dicksonioides",-35.452397,-8.357915
"Triplophyllum_dicksonioides",-35.715556,-8.503889
"Triplophyllum_dicksonioides",-34.949997,-8.00837
"Triplophyllum_dicksonioides",-35.0697,-8.2272
"Triplophyllum_dicksonioides",-35.838611,-8.723055
"Triplophyllum_dicksonioides",-35.856236,-8.694218
"Triplophyllum_dicksonioides",-35.377421,-7.606449
"Triplophyllum_dicksonioides",-36.421278,-9.244248
"Triplophyllum_dicksonioides",-36.065155,-8.973738
"Triplophyllum_funestum",-35.5,-7.583333
"Triplophyllum_funestum",-35.377421,-7.606449
"Triplophyllum_funestum",-35.954701,-9.18449
"Triplophyllum_funestum",-36.402219,-9.620528
"Triplophyllum_funestum",-36.195446,-9.591378
"Triplophyllum_funestum",-38.633164,-3.983761
"Triplophyllum_hirsutum",-35.410025,-8.697033
"Triplophyllum_hirsutum",-35.856236,-8.694218
"Triplophyllum_hirsutum",-35.5,-7.583333
"Vittaria_graminifolia",-35.715556,-8.503889
"Vittaria_graminifolia",-35.838611,-8.723055
"Vittaria_graminifolia",-35.856236,-8.694218
"Vittaria_graminifolia",-35.2691667,-6.3847222
"Vittaria_lineata",-35.452397,-8.357915
"Vittaria_lineata",-35.715556,-8.503889
"Vittaria_lineata",-36.026632,-8.355565
"Vittaria_lineata",-34.950522,-7.810665
"Vittaria_lineata",-34.949997,-8.00837
"Vittaria_lineata",-34.978479,-8.043289
"Vittaria_lineata",-35.410025,-8.697033
"Vittaria_lineata",-35.0697,-8.2272
"Vittaria_lineata",-34.980653,-8.091551
"Vittaria_lineata",-35.838611,-8.723055
"Vittaria_lineata",-35.856236,-8.694218
"Vittaria_lineata",-35.5,-7.583333
"Vittaria_lineata",-35.377421,-7.606449
"Vittaria_lineata",-35.2691667,-6.3847222
"Vittaria_lineata",-36.421278,-9.244248
"Vittaria_lineata",-36.065155,-8.973738
"Vittaria_lineata",-35.954701,-9.18449
"Vittaria_lineata",-36.402219,-9.620528
"Vittaria_lineata",-38.910877,-4.305363
"Vittaria_lineata",-38.716666,-3.900058
"Vittaria_lineata",-38.633164,-3.983761
"Vittaria_lineata",-38.750116,-3.683493
"Vittaria_lineata",-35.691389,-6.963333
"Vittaria_lineata",-35.558223,-6.779224
"Vittaria_lineata",-34.861185,-7.146738
"Vittaria_lineata",-35.142056,-6.741861
"Vittaria_lineata",-35.153053,-7.041188
